id,last_active,league,xp,class,dead,nodes,challenges
1ebb5d2798d4ba84a8d9594b31bd63196e4ddd710e48fbd1ddbb4e7370ba3edb,1483968445976,1,4250334444,14,,AAAABAMDAAFvA-4HHg18DjwOXBFQFHEVJxcvGYoaOBqPGyUc3B0UHU8dqh2-Hdki9CSwJbwnCyj6LKYtHy9vM4c0CjW5N2Y3gzpSQ1RFfkZxSVFJsUuuTLNV1lfJWfNca1yKX7BhUmTnZlRmnmr6bAttGW-ecLtyD3Kpfll_xoCkgseDCYO2hEiExYZghtGIQot6jHaMsY8aj0aP-pBVkyeUb5Uum4qboZu1njyhL6brpwinK6yqtAy3MbiTvk--isHFwzrDbcpKytPQH9OP18_ZE9lb20_fit-_4MPhiOL36QLqGOq66-7sGOyD707viO_r8NX0cfba9zL31_jr-Tf56PrS-wn-SQ==,39
e2b16ab2127a687cbcb07868f72203de3b5d1b2c8dd17330c82e314f9dec2e1a,1483968445976,1,4250334444,11,,AAAABAUBAAKWAx4FQgceCaoMUg18DkgOXBEPES0RLxFQEZYV1xmKGyUc3B1PHYMfQSBuIvQknSoLKjgrCiycLL8tHzBbMtE1uT3iQZZEDUVHRX5GcUcGSO5JUUmxS65Ms1AwVmNca13yX2pfsGBDYlpjQ2r6bAhsC20Zbj1vnnBSdwd8g3_GgwmESITFhq6HE4nTi4yMNo8aj_qSbpMnlS6Vh5cGm7Wce5ykoS-nK6i5rJesmK6ztAy5k7xWvoC-isBmwJrDCcM6w23EosjwykrK09Af0NDQ9dJ8037Xz9lb2fzbXtvn35jpAuq66-7r9ewY7WHveu-I7-vw1fGK8h3y4ffX-Tf53Q==,37
79c44618908e240705a47007dd961cd7754807bd5784a054e42d7cc1534d1034,1483968445976,1,4250334444,14,,AAAABAMDAAFvA-4FLQ18DeIOPA5cEVAUcRUnFy8YahmKGjgajxslHNwdFB1PHaodviFgIvQksCW8JwsnLyj6KaUtHy9vM4c0CjW5OlJAoEV-RnFGt0iOSVFJsUuuTLNV1lfJWAdZ81xrXIpeE1-wYVJk52ZUZp5q-mwLbRlvnnC7cg9yqXTxeC9673zlf8aApILHgwmDtoRIhMWGYIbRi3qMdoyxjxqPRo_6kFWTJ5Rvm4qboZu1njyhL6cIpyusqrQMtzG4k75PvorBxcM6w23KSsrT02_Tj9fP2RPZW9tP34rfv-DD4Yji9-kC6hjquuvu7Bjsg-9O74jw1fba9zL31_jr-Tf60vsJ_kk=,40
5a97313772a08c63cfdda84ff790d3392be1fb51cf32a962dda6e91d65395144,1483968445976,1,4250334444,11,,AAAABAUBAAKWBx4JqgxSDXwOSA5cD8QRLxFQEZYZihqPGyUc3B2qIG4i9CSdKPoqCyo4KwospizhL28y0TW5N4M7fDwFPV9EDUVHRX5GcUcGSVFJsUuuTLNQMFJTV8lcil3yX2pfsGBDYlpjQ2r6bAttGW49b55wUnC7dwd943_GgwmExYcTidOLjIw2jxqP-pDWkm6TJ5UulwaXlZf0m7Wce5ykn9-hL6KjpuunK6i5rGa0DLiTuMq5PrxWvoC-isBmwJrDOsSiyPDKSsrT0B_Q0NJ8037Xz9h22RPZW9n8217fmOGI6QLquuvu7BjtYe9673zviO_r8NXy4fba-Tf53fsJ_kk=,36
577c55246aa64e0970f7858d699803888121d81bbeb45cddd8e879b29456fb0f,1483968445976,1,4250334444,17,,AAAABAYBAAAGB5kNjQ5IDlwPqxB7EJIRLxFQEZYUdRUgFdcV9ha_GNsZihslIG4i9CPTJIsknSepKgsqOCsKLL8s4SzpLgguIzIyNbk9X0QNRX5HBklRSbFLrkyOTLNOKlAwUilSU1XgVmNYWlnwW69d8l9qYlpieWNDaoxq-mwIbAttGW1sbydwUnf9feN_xoJThKKExYauhrOPYI_6kBuTJ5OZlwaXlZf0mmqbtZzEoS-i2acrrGaw2LVItyK5PruevG--Or6KwcXDOsSiyBTI8M_p0B_Q0NN-18_Ydtlb2YbbGtvU2-fdDd-Y5ebndOkC62PsGO9674jv6_DV8Yry4fVv9qP5Nw==,40
b0084ad4f930858e11b71aedf53be017fc8cbd5f6c3de49a0666e1ecc82fa346,1483968445976,1,4250334444,14,,AAAABAMDAAPuDR8NfA48EVAUcRUnFy8YahmKGjgajxslHNwdFB1PHaodvh3ZIvQksCW8JwsnLyj6LKYvbzOHNAo1uTdmN4M6UjwoQYdDVEZxSbFLrk5tVdZXyVgHWfNca1yKX7BhUmTnZlRmnmwLbRlvnnC7cg9yqXaseC985X5Zf8aApILHgwmDtoRIhMWGYIbRiEKMdoyxjxqPRpBVkyeUb5uKm6GbtZwynL6hL6XEpuunCKcrrKq0DLcxuJO-T76KwcXDOsNtykrK089-04_Xz9kT2VvbT9-K37_gw-GI4vfpAuoY6rrr7uwY7IPvTu-I9HH22vcy99f46_k3-ej60vsJ_kk=,40
07be8f5366b0d044c313e296cf52ee3181e50e9a9f28ff2d7ca9777c48ee702d,1483968445976,1,4250334444,13,,AAAABAUCAAOaBAcEUQSzBUIHHgj0CaoLYQ5ID8QRLRGWFm8Wvxo4HNwdFB8CJKomlScvKgsqEysmLJwtHzLRNZI2xTbpOhY6WDrhO3w8LUGWRKFFR0WdSVFMs03jTq5RdFNSVUtVxljlWfNaK13yXl1h4mSdZlRmnmhaaPJqQ2sXcFJxYnIPdSp8g3_GgpuDX4PMg9uD84aCidOLjIw2jmSO6Y8aj0aP-pBVlG-VIJUumjua4KIAoqOj8qZXppmnCKeUrhKus69ssTa2-rc-uMq5k7zqwFTAZsCawfPDCcau0B_Q9dH91abYvdn84XPjauvu6_XtPO_r8B_w1fId8kX3pvnd-tL-Cv6P,36
ab847e96c669c68b8b8300631b0f5972d8eb96c35e2b03c5aa102c9d510a5f27,1483968445976,1,4250334444,11,,AAAABAUBAAHRApYDHgOWBUIJqgxSDXwOXA-rEQ8RLREvEVAV1xa_FvMYXRmKGyUc3B1PH0EgbiL0JIsmPCchKgsqOCpbKwosnCy_LR8vnTLRNAo1uTvjPO9BlkM2RPtFR0V-RnFHBklRS65MLUyzUDBQQlIpUuxTNVXgVmNYWl3yX2pgQ2NDZAlo8mr6bAttGW1sbj1wUnn2fIN_xoMJhq6J04ooi4yMNo8aj_qSbpMnlciXBpx7oS-nK6i5rfGus7QMtMW1SLmTvFa-gL6KwGbAmsHFwuzDCcM6xKLK09Af0NDQ9dJ82VvZ_Nte2-fpAuq662Pr7uv17BjtYe_r8NXyHfLh-d3-CQ==,31
160d74a301aacd7aa179ec06de32e3a183e9356fc1d7b6ec32aa7790536f305e,1483968445976,1,4250334444,11,,AAAABAUBAAKWAx4JqgxSDXwOXA-rES8RUBa_GF0ZihqPGyUc3B9BIG4i9CSLJJ0o-ioLKjgqWysKL28y0TW5PO89X0GWQzZEDUVHRX5GcUcGSVFJsUuuTLNQMFBCUlNS7FM1V8lcil3yX2pgQ2JaY0No8mr6bAhsC20ZbWxuPXBScLt59nvXf8aDCYTFidOLjIw2jxqP-pJukyeXBpeVl_SbtZx7oS-nK6i5rfGus7QMtMW1SLiTuZO8Vr6AvorAZsCawcXC7MMJwzrEosjwytPQH9DQ0PXSfNN-18_ZE9lb2fzb59-Y6QLquutj6-7r9ewY7WHveu-I7-vw1fGK8h3y4fba-Tf53fsJ,25
7b30e9b36ddfc672b726eb8eea78193d2fb08192fadbcbc10b2f46aa32cb593b,1483968445976,1,4250334444,14,,AAAABAMDAAFvA-4NfA48DlwRUBRxFScXLxmKGjgajxslHNwdFB1PHaodviFgIvQksCW8JwsnLyj6KaUspi0fL28zhzQKNbk3ZjeDOlJAoEV-RnFJUUmxS65Ms1XWV8lZ81xrXIpeE1-wYVJk52ZUZp5q-mwLbRlvnnC7cg9yqXTxfll_xoCkgseDCYO2hEiExYZghtGLeox2jLGPGo9Gj_qQVZMnlG-VLpuKm6GbtZ48oS-m66cIpyusqrQMtzG4k75PvorBxcM6w23KSsrT0B_Xz9kT2VvbT9-K37_gw-GI4vfpAuoY6rrr7uwY707viO_r8NX22vcy99f46_k3-tL7Cf5J,38
008154d48b2ff2c2636d9fcc6b903dfbc0ea86f4c7be18c7b9ab821fce9f788f,1483968445976,1,4250334444,14,,AAAABAMDAAHnBS0LYQxfDXwN4g48EVAVJxcvGYoabBqPGyUb-hynHNwdFB2qIWAi9CSwJbwl3ycLKPoppS9vMfs1uTboOlI8LUCgQYdGcUa3SI5JsUuuU6VVtVXWV8lca1yKXhNfP1-wYVJk52aeZ5to8mwLbRlvnnC7dPF673_Gf-OApILHgwmDX4O2g8yESITFhmCG0Yx2jLGPGo9GkyebWJuKm6GbtZ2uns2hL6QZpwinK6cwrj6vbLQMtiy3Mbc-uJO-T76KwQTBxcM6w23GrspKytPTb9OP0_vXz9kT2VvbT9-K37_gw-GI5FHpAuq66-7sGOyD707viPba98H31_k3-ej60vsJ_kk=,40
2e65f1889c807866fe364743e78c2520a3973cecb8de22e6ca9ec38f313a96d7,1483968445976,1,4250334444,11,,AAAABAUBAAKWBx4MUg18DkgOXA-rES8RUBGWFSAV1xa_GF0ZihqPGyUc3CBuIvQj0ySLJJ0o-ioLKjgrCiy_L28y0TQKNbk3RzwFPO89X0VHRX5GcUcGSVFLrkyzTipQMFJTVmNXyVuvXfJfamBDYlpjQ2jyavprrGwIbAttGW1sbj1vJ3BScLt_xoKbgwmExYauidOMC4w2jxqPYI_6km6TJ5UulwaXlZf0mjuaapu1nHuf36Evpyuoua3xtAy1SLiTuXy8Vr6AvorAZsM6xKLK09Af0NDSfNN-2RPZW9vn3Q3fmOGI6QLquutj6-7sGOyw7WHveu987-vw1fGK8uH2o_ba-d37CQ==,28
67ca7dfee3e382af8f6e1e049c88cc059d9829f3102edd9fa0f56a9049881139,1483968445976,1,4250334444,9,,AAAABAEDAAN1BAcEswagBsMLYQ5cEMwRUBQgFgsWbxeMGF0abBslHNwfAiSqJNgqEyqNNZI1uTbFNtg26TpYPAU8LTzvPV89_EV-RZ1G10kbS65Ms1BHUlNTUlXGVkhYY1h3WOVaK15dXwRfP2P9ZIRmVGaeZ5to8mr6bRluqnGFcg965nsge7N8g4Kbg1-DzIPbhW2Fe4x2jM-PGpErlG-XlZf0mjua4J2un9-iAKPypqOnCKcrp5SsmK4-r2yxQrXytzG3Prl-wGbE9sYExq7G2M9n0B_R_dWB1abYJNi92VvjauQi5FHpAuvu7DjsVe087w7vfO_r8B_xbPMR9kj3wfiT-b3-Cv6H,39
ac7a459ba0439a30fd687078b4f0238ef02ad4fb1a1d10c694f98e94d47d58ff,1483968445976,1,4250334444,10,,AAAABAEBAASzBS0Gxgd1CZYLYQxfDjwS4RNMFCAUTRRxFrsX4RiRGNsaOBpVHKchVSFgJvgnICcvKaUs-y3SMHc1kjboOQ46UjrhPAU8LT38QKBGt0d-TeNOMlBHU6VYY1nzWf5dpF4TXz9hIWRSZU1l8GebaGVo8nIPcql07XTxdU52rHh6eu982X31ggeDX4PMhNmE74ZghymHaooijM-QVZHOlG-XeZ8-ogCi6qZXpo2pJ6mUrKqtja4-r2y3PrvtvJ-9Nr6nwAHAZsCmwaPE9sauxtjPftNv2L3ZfNrB3D3d1eJh5FHqGO8O73zwH_JF843z3fSD9kj3Mve5-Ov8S_4K_o8=,37
c37469f2a76fa04a1890d1f9ee9826f5d492a9353c6bc4cd43608954da281010,1483968445976,1,4250334444,21,,AAAABAIBAABeBS0FZgW1CC4M8g2NES8RgRR1Fr8XJhmOGo0i6iPTI_YknSaVKjgrCi5TMHEwfDIBNj031DpCOrM8vj7PQdBDMUQNRJ5Hfkp9S3hM_02STipRR1O7VEdVS1b6WhpbJluvXfJeRV9wYeJh62JaYqxjp2VNbAhsjG8ndO11y3pTeoR67311f_uDbYTFh3aMNo19jX6Nv49gkAqS85pqmyabjZu1nMSdqp7Eo4qkwqXLpr6yGbTFtyK3tr02vea-p7_VwuzDM8M6yMzI8M3qz3rQrdNv037UI9jV2sHb591G3ajfb-Cf45_l5ujW6mLrY-0_7YPuDu9674_xivrr_MX-ug==,38
3feff9861c6ca520ccce7e11f295854ab6c80129d99aeed0a4ff283a9ff25994,1483968445976,1,4250334444,11,,AAAABAUBAAKWCaoKmwxSDXwOSA5cD8QRLxFQEZYV1xmKGo8bJRzcHaogbiL0JJ0nqSj6KgsqOCsKLL8s4S9vMtE1uTt8PAU9Xz3iRA1FR0V-RnFHBkjuSVFLrkyzUDBSU1ZjV8ld8l9qX7BgQ2JaY0Nq-mwIbAttGW49b55wUnC7feN_xoKbgwmExYauidOLjIw2jxqP-pJukyeXBpeVl_SaO5u1nHuf36EvoqOnK6i5rGa0DLiTuMq5PrxWvoC-isBmwJrBxcM6xKLI8MpKytPQH9DQ0nzTfth22RPZW9n8217b59-Y4YjnCukC6rrr7uwY7WHveu987-vw1fGK8uH22vnd-wn-SQ==,40
2d11310eb77ce8cdf1f1d52d0d120224d3919ce24dd217584e28e6ad19098cda,1483968445976,1,4250334444,14,,AAAABAMDAAHcA-4EBwSzBS0LYQxfDc0N4hEtFCAUcRUnFm8XLxhWGjgcpxzOHNwdviSqJy8o-itQLJwuUzOHNZI26TpYPC1Bh0WdR35IjkyzTblTUlOlVcZV1lnzWpFfP2EhZKNk52ZUZp5oWGhlaHRo8mqsa9tvO3IPcql07Xasd-N4DXlofIOApIIHgseDX4PMg9uE2YTvhWCJ2Iyxjr6PGpBVksGUb5itmuCbiqIAqH2pbqrErJisqq9sr6e18rc-uJO9Nr5PwBrBBMT2xq7MvM9-0B_Tb9OP0_vXlti92XzaYtrB37DjauoY6-7sg-yK7w7v6_Af8kHz3fcy99f46_no-tL-Cv5U,40
adef915e5a85180e3aa6f4e1440eb17b8fd4bbb2a2f992e1fbb0d8536382694e,1483968445976,1,4250334444,11,,AAAABAUBAAKWBx4JqgxSDXwOSA5cD8QRLxFQEZYV1xmKGo8bJRzcHaogbiL0JJ0o-ioLKjgrCiy_LOEvbzLRNbk3gzt8PAU9X0QNRUdFfkZxRwZJUUmxS65Ms1AwUlNWY1fJXfJfal-wYENiWmNDavpsC20Zbj1vnnBScLt943_GgpuDCYTFhq6J04uMjDaPGo_6km6TJ5UulwaXlZf0mjubtZx7n9-hL6KjpuunK6i5rGa0DLiTuMq5PrxWvoC-isBmwJrDOsSiyPDKSsrT0B_Q0NJ8037Xz9h22RPZW9n8217fmOGI6QLquuvu7BjtYe9673zviO_r8NXy4fba-Tf53fsJ_kk=,24
5c2093d0ef21f4f79e793b2cf8ea1fcf63e32749a75e39f91aab63bf1bfa4bf7,1483968445976,1,4250334444,22,,AAAABAIDAAPuBUIHHg18DkgOXA-rD8QRDxEvEVARlha_GGoZihqPGyUc3B2-IG4i9CSLJJ0nqSj6KgsqOCsKLagvbzOHNbk3TDt8PV9BlkQNRX5GcUlRSbFLrkyzUDBSU1fJWAdca1yKXfJfamJaZJ1q-mwLbRlwUnC7df14L3vXfOV_gH_GgseDCYRIhG-ExY2SjxqP-pMnlS6XBpeVl_SboZu1nrehL6KjpyusmK6zr-uxkLQMtUi4k7jKuZO-gL6KwwnDOsNtxKLHncjwytPQH9DQ0PXTftRC18_ZE9lb217fmOfq6QLquutj6_XsGO9674jv6_DV8W3yHfba9z331_kz-Tf7Cf8Q,37
fefc7f3c4aa4aa3e0521eaa721ebb77a2a184a22abc5f90aed8f76aee6c131de,1483968445976,1,4250334444,17,,AAAABAYBAAeZCTMNfA5IDlwPqxCSES8RUBGWFSAV1xa_GYobJSBuIvQj0ySLJJ0qCyo4KwosvyzhLOkyMjW5PV894kQNRX5GcUcGSO5JUUuuTI5Ms04qUDBR2VIpUlNV4FZjVvVYWlnwW69d8l9qYENiWmNDavpsCGwLbRltbG49bydwUnX9d_1943_GgwmEb4SihMWGroazjAuOio9gj_qQG5MnlwaXlZfQl_Saapu1oS-i2acrrGawkrDYtAy1SLk-uXy8b76AvorBxcM6xKLI8MrT0B_Q0NE2037Ydtlb2Ybbbtvn3Q3fmOIs4tXpAuq662PsGOyw7UHveu_r8NXxivLh9qP_kw==,26
b64b2ae517872a9e64735748ee1bbe4d52c7522759145ed75e7911d10400bcfa,1483968445976,1,4250334444,14,,AAAABAMDAAFvBS0NfA3iDjwRUBRxFScXLxmKGjgabBqPGyUc3B0UHU8dqh8YIWAi9CSwJbwnCyj6KaUspi9vNAo1uTdmOlJAoEZxRrdIjkmxS65R-1XWV8lZ81qRW_Rca1yKXhNfsGFSZOdmVGaeaGVqrGvbbAttGW-ecLtyD3KpdPF6730Yf8aApILHgwmDtoRIhMWGYIbRi3qMdoyxjxqPRpBVkyeUb5uKm6GbtZ2uoS-nCKcrqH2sqrQMtzG4k75PvorBxcM6w23KSsrTzRbTb9OP0_vXz9kT2VvbT9-K37_gw-GI4vfpAuoY6rrr7uwY7IPvTu-I89322vcy98H31_jr-Tf60vsJ_kk=,40
43b6bbc58a2706eeb3e7354c54bfc365e2b8f8b3b02f4152919aa929f1f28dc0,1483968445976,1,4250334444,17,,AAAABAYBAA18DdEOSA5cD6sQkhEvEVARlhXXFr8XsBhdGyUbyBzcIG4i9CM2JIso-ioLKjgrCiymLL8vbzIyMtE0CjW5N2Y8BTzvPV9FR0V8RX5GcUlRSbFKi0uuTLNQMFJTUxBWY1fJW_Rd8l9qYENjQ2SdZlRo8mr6bAttGW1sbj1wUnC7f8aCm4MJhMWFe4auidOMC4w2jxqP-pDWkyeXlZeXl_SYrZo7m7Wf36Evpyut8bQMtDi1SLiTuXy8b76AvorAZsHFwzrK08_d0B_Q0NfP2RPZW9mG217hiOOE5RnpAuq662Pr7uv17BjsOOyw73zviO_r8NXxivId-Tf79Q==,31
7d5338c1727d9c13cb82ff0b61602edc2a988be7b4f8707ae6fdd02dc015997d,1483968445976,1,4250334444,22,,AAAABAIDAADuAbwD7g18DkgOXA-rD8QRLxFQEZYVIBXXFe0WvxmKGo8bJR2-IG4i9CSLJJ0o-ioLKjgqTSsKLL8s6S9vM4c1uTdMO3w9Xz8nQZZEDUV-SVFJsUrIS65Ms1AwUlNUglS9VmNXyVltXEBd8l9qX5hiWmr6bAttGXBScLt1_XvDf4B_xoLHhG-ExYauhrOKr42Sj_qQEZMnlouXBpeVl_SbjZu1nrehL6Kjo--nK66ztAy1SLjKuZO-isHFwwnDOsSix53I8MrTzqjPMtAf0NDQ9dN-1ELVudfP2RPZW9te35jpAuq662Pr9ewY73rviO_r8NXxbfId9qP22vc9-Tf7Cf8Q,39
ead800b309fa317d2096a44ed3aac79f4e24e7484d7357b7a73ba0366c09beda,1483968445976,1,4250334444,14,,AAAABAMDAAFvA-4NHw18DeIOPBFQFScXLxhWGGoZihqPGyUc3B0UHU8dqh2-IvQksCW8Jwso-i9vM4c1kjW5Nug6UjrhPChBh0ZxSI5JUUmxSshLrk3jTm1V1lfJWAdYr1xrXIpfsGFSZOdodGwLbRluqm87b55wu3gNeC97w3zlf8aApILHgwmDtoRIhMWGYIbRiq-LeoyxjxqPRo_6kBGTJ5uKm6GbtZwynL6hL6XEplenCKcrqW60DLXytz64k75PvorAGsHFwzrDbcpKytPTj9fP2L3ZE9lb2mLbT9-K37_gw-GI4vfpAuq66-7sGOyD707viPDV8kX22vfX-Tf56PrS-wn-Cv5J_o8=,34
f78257572cd84851095b8d964ea4386bc8e98471380e747de639f28b88ab0db0,1483968445976,1,4250334444,14,,AAAABAMDAAPuBAcEswj0DXwN4g5cEVAVJxZvFy8YVhmKGjgajxslHNwdFB1PHaodviSwJy8o-jLRM4c1kjW5Olg64UGHRUdFfkWdRnFIjkjnSbFLrkyzTblN41NSVcZV1lfJWfNakVxrX7BmVGaeaHRo8mpDaqxq-mvbbRlvnnIPfRiApILHgwmD24RIhMWFYIx2jLGPGo9GkFWTJ5RvmuCbipuhm7WhL6IAplenCKcrqH2qxKyYtAy3Mbc-uJO-T76KwFTAZsM6w23KSsrTzLzQH9OP0_vXz9i92VvaYt-K4YjjaukC6rrr7uyD7IrviO_r8B_yRfba99f5N_no-tL7Cf4K_kn-jw==,36
a243259700bd5664be68cb9646e5802e6fdec3b9f4d10d91ce52656e057930fb,1483968445976,1,4250334444,22,,AAAABAIDAADuAbwD7gVCBx4JMw18DkgOXA_EES8RUBGWFSAV1xa_GyUdviBuIvQknSj6KgsqOCpNKwosnCy_LOkzhzW5N0w7fD1fPydBlkQNRX5GcUlRSbFKyEuuTLNQMFFMUlNUglZjV8lZbV3yX2pfmF-wYlpq-mwLbRlvnnBSdf13B31bf4B_xoLHgwmEb4TFhq6Gs4cTidOMNo2Sj_qTJ5Uul5WX9JuNm7WcpJ63oS-io6PvpyusR66ztAy1SLjKuZO-isMJwzrHncjwykrK086ozzLQH9DQ0PXRNtN-1ELXz9lb217iLOkC6rrrY-v17Bjveu-I7-vw1fFt8h32o_c9-Tf56P8Q,40
b62ba7559961fba17347ae867c3107f90555af3abec34395b8283ca46e9122f9,1483968445976,1,4250334444,14,,AAAABAMDAAFvDXwOPBFQFHEVJxcvGYoaOBqPGyUc3B0UHU8dqh3ZIWAi9CSwJbwnCycvKPoppSymL280CjW5N2Y3gzpSQKBDVEZxSVFJsUuuVdZXyVnzXGtcil4TX7BgQ2FSZOdmVGaeaGVsC20Zbj1vnnC7cg9yqXTxdqx_xoCkgwmDtoRIhMWGYIbRiEKLeox2jLGPGo9Gj_qQVZMnlG-VLpuKm6GbtZ48oS-m66cIpyusqrQMtzG4k75PvoC-isHFwzrDbcpKytPPftOP18_ZE9lb20_fit-_4MPhiOL36QLqGOq66-7sGOyD707viPDV8930cfba9zL31_jr-Tf60vsJ_kk=,40
b1b2b1560462ba3e160275b0b663d22695ca2cb139af10dee47259deee2d73b1,1483968445976,1,4250334444,12,,AAAABAUDAAPuBAcI9AthDXwRUBcvGDwYVhhqGYoajxslHRQdTx2ZHaodviL0JLAo-ipTLR8vbzOHNZI1uTpYPC1Bh0NjQ8hGcUmxSshLrkyzTlJPBFIpVcZV1lXgV8lYB1haXGtcil7AXypfsGKVZOdo8mpDbAttGW6qbwhvnnC7cU10VXgve8N8S3zlf8aApILHgwmDX4PMg9uESITFiFqIW4qvj0aQEZIrkyeWdJrPm6GbtaEvpRinK6yYr2ywC7JwtAy18rc-t2i9J76KwFTBxcM6w23EtMauykrK09Af18_YvdkT2VvhiOkC6rrsGO-I77zv6_ba99f5N_no-tL7Cf0A_gr-Sf6P,37
436f0b51158d96212e66a1019be5b5bae396c142629dd8140cf663a95fe41008,1483968445976,1,4250334444,16,,AAAABAMCAAN1BAcEswYOCPQJ9gthDF8NzQ48EzUUIBRNFHEXpBiRGS4aOBynHM4fAiL0JbwnLyftKo0rUDI0MtE1kjbFNtg6UjpYOtg64TwFPC09Xz38QYdFR0WdRlJJG0yzTeNQR1JTU1JTpVSuVcZWSFcNWGNYd18EXz9nm2jyakNrem0Zdqx90oIHgpuDX4PMg9uHZYzPkFWQ-pErl5WX9Jo7muCdrp_fogCmV6cIrJitja4-r2yvp6-3tz68n8BUwGbEWMT2xq7G2Mi_z37SIdR82CTYvdlh2XzbT99t34rfv-DD5FHr7uw47FXvDu988B_xbPJB8kX2SPno_Ev8TP4K_lT-jw==,36
1e58c4bf394ca5d71b2e5b15856221fa1fb191e7e7ab3cc9bf6292e7805f906e,1483968445976,1,4250334444,16,,AAAABAMCAA18DdEOSA5cES8RUBGWEzUV1xekGF0bJRvIHNwdTyBuIvQo-ioLKjgrCiymLL8t0i9vMtE0CjW5N2Y3gzwFPO89X0GWQktFR0V-RlJGcUlRS65Ms1AwUilSU1XgVmNXyVhaXfJfal-wYENjQ2ZUaPJq-mt6bAttGW49b55wUnC7dwd-WX_GgpuDCYTFhXuFfYXFhq6HE4nTjDaMdo8aj_qQ1pMnl5WX9JitmjubtZykn9-hL6brpyut8a6ztAy4k7mTvoC-isBmwcXDCcM6yL_KSsrTz93QH9DQ0PXUB9kT2VvbXtyN34rjhOkC6rrr7uv17BjsOO987-vw1fGK8h38TA==,39
897a3a12f2bc34c5e9ff350b490dc28f1cc4a5381684091b5cfd94f18398c532,1483968445976,1,4250334444,11,,AAAABAUBAAKWBx4JqgxSDXwOSA5cEQ8RLxFQEZYXLxhdGYoajxslHRQdqiBuIvQpTyoLKjgrCiymLOEvbzQKNbk3ZjwFPO89X0V-RnFHBklRS65Ms1AwUlNV1lxrXIpd8l9qX7BgQ2NDZOdmVGaeaPJq-mu3bAttGW49b55wUnC7feN_xoCkgpuDCYRIhMWFe4V9idOLjIw2jHaPRo_6kNaSbpMnlS6XlZf0mjuboZu1nHuePJ_foS-nK6i5rGasmK3xtAy3Mbk-vFa-gL6KwGbAmsM6w23KSsrT0B_Q0NJ82HbZE9lb2fzbXuGI6QLquuwY7DjtYe987-vw1fLh9tr31_nd-tL7Cf5J,27
f25861d783700669c91ef6aa91fc6e9b7f27a70d798cc32ae921ff484bb58bf3,1483968445976,1,4250334444,14,,AAAABAMDAAPuBS0HHg18DeIOPBFQFHEVJxcvGYoaOBpsGo8bJRzcHRQdTx2qHb4hYCL0JLAlvCcLJy8o-imlLKYvbzOHNAo1uTdmN4M6UkCgRJ5GcUa3SI5JUUmxS65Tu1XWV8lZ81xrXIpeE1-wYVJk52ZUZp5sC20Zb55wu3IPcql08Xrvf8aApILHgwmDtoRIhMWGYIbRjHaMsY8aj0aP-pBVkyeUb5Uum4qboZu1na6ePKEvpuunCKcrrKq0DLcxuJO-T76KwcXDOsNtykrK09Nv04_Xz9kT2VvbT9-K37_gw-GI6QLqGOq66-7sGOyD707viPDV9tr3MvfB99f46_k3-ej60vsJ_kk=,37
f61b92accb2b93c98b391fa21bb2660da7eb17f3f7b52987f7cb813c973d19b0,1483968445976,1,4250334444,21,,AAAABAIBAABeAdwFLQW1CC4JlgzyEvETTBQgFSAXJhfhGY4ZtCP2Jvgs6S1NLYMuUy9yMHEwdzB8MZ41kjfUOQ453TpCOuE9_D7PQdBDMUPnR35LeE2STeNOMlBHUUdYY1n-WhpfP2KsZFJlTWhla5BsCGyMbzt07Xasd-N4DXh6eWh6hHrvfNl9dYTZhO-FUoazh2qK8IzPjX2Nv5d5m42dqqOKpcumV6knqW6plK2NtMW18r02vea-p8AawQTBo8LswzPEgsjcypDPftCt02_TftQj2L3ZYdrB2-fdqOJh5FHpRuoY6wntP-2D7g7vDu968YryRfPd9kj2o_cy-Ov-Cv6P_ro=,37
988a2bf5eeb196302518121ef48ae8651817af0acfab4c2bf782661510c3c709,1483968445976,1,4250334444,17,,AAAABAYBAAAGB5kNjQ5IDlwPqxB7EJIRLxFQEZYUdRUgFdcV9ha_GNsZihslIG4i9CPTJIsknSoLKjgrCiy_LOEs6S4ILiMyMjW5OrM9X0QNRX5HBklRSbFLrkyOTLNOKlAwUilSU1XgVmNW9VhaWfBbr13yX2piWmJ5Y0NqjGr6bAttGW1sbydwUnBWfeN_xoJThKKExYauhrOJ046Kj2CP-pAbkyeTmZcGl5WX0Jf0mhOaapu1oS-i2acrrGaw2LVIuT67nrxvvjq-isHFwzrEosgUyPDP6dAf0NDTftfP2HbZW9mG2xrbbtvU3Q3fmOd06QLrY-wY73rviO_r8NXy4fVv9qP5Nw==,40
6dac8bf7f6e048917e9b0c3e4be62e2522da9b50a49fa9969055cd81b440dfdb,1483968445976,1,4250334444,14,,AAAABAMDAAPuDXwN4g48EVAVJxcvGGoZihqPGyUc3B0UHaodvh3ZIvQksCW8Jwso-i9vM4c1kjW5Nug6Uj8nQYdDVEZxSI5JUUmxSshLrk25VdZXyVgHWK9ZbVqRXGtcil-YX7BhUmTnaqxr22wLbRluqm87b55wu3gNeC985X0Yf8aApILHgwmDtoRIhMWFYIZghtGIQoyxjxqPRo_6kyeVLpuKm6GbtaEvpwinK6h9qW6qxLB3tAy18rc-uJO-T76KwBrBxcM6w23KSsrTzLzPMtOP0_vXz9i92RPZW9tP34rfv-DD4YjpAuq66-7sGOyD7IrvTu-I8NX0cfba99f5N_no-tL7Cf4K_kk=,40
10a269109830ac286a0fab22cc177608beb54249e2dabbaa9c77c4b3aeb8e7dd,1483968445976,1,4250334444,17,,AAAABAYBAAceDXwN0Q5IDlwPqxCSES8RUBGWFdcWvxewGF0bJRvIHNwfGCBuIvQjNiSLJ6ko-ioLKjgrCiy_LdIyMjLRNbk8BTzvPV9FR0V8RX5GcUlRSbFKi0uuTLNQMFH7UlNTEFZjV8ld8l9qX7BgQ2NDZlRo8mwLbRluPW-ecFJ3B35Zf8aCm4MJhMWFe4V9hq6HE4nTjDaMdo8aj0aP-pMnlS6XlZeXl_SYrZo7m7WcpJ_foS-nCKcrrfG0DLQ4uJO5k7xvvoC-isBmwwnDOspKytPNFs_d0B_Q0NfP2VvZhtte44TlGekC6rrr7uv17BjsOO9874jv6_DV8YryHfk3-_U=,40
f9dd873089026aa0b54535d64712de056c5472f4334e93adc89c05a79599740f,1483968445976,1,4250334444,15,,AAAABAMBAAFvBg4HHgn2C2EMXw0fDXwOSBEvEVARlhV-GFYYahkuGmwbJRynHNwi9CaIJ-0o-ikuKwospjQKNbk3ZjeDPCg8LT1fQYdCekWdRnFJUUmxS65SU1NSU6VVtVZIVw1XyVgHW6Bca1yKXfJfP2hlaHRo8mwLbRl4L3pwfA585Xzwf8aCx4MJg1-DzIRIjxqPRpEHknSTJ5SglS6X9JitmuCboZy-na6ezZ_LoS-m66cIpyunMKdVrY2vbLQMtUi3MLc-uJO7_L6KwQTDbcRYxPbGrsb3ytPPftIh1HzXz9gk2VvZYdpi34ri9-ha6QLquutj6-7viPDV8azzm_ZI98H31_k3-eg=,40
939c377ab778aafb5b0eadfbb506680856d79eaeaa3a75421f8bea7c86daaac3,1483968445976,1,4250334444,11,,AAAABAUBAAKWAx4HHgmqDFINfA5IDlwPqw_EEHsRLxFQEZYV1xa_GYobJRzcHU8fQSBuIvQkiyj6KgsqOCpbKwospiy_LR8y0TQKNbk3ZjeDO3xDNkVHRX5GcUcGSVFLrkyzUDBSKVLsVeBWY1fJWFpd8l9qYENiWmNDZJ1q-mwIbAttGW1sbj1wUnn2f8aDCYTFhq6J04uMjDaPGo_6kNaSbpMnlS6XBpu1nHuhL6KjpuunK6i5tAy0xbVIuJO4yrxWvjq-gL6KwGbAmsHFwuzDOsSiytPQH9DQ0nzZW9n82xrbXtvn35jndOkC6rrrY-vu6_XsGO1h74jv6_DV8YryHfLh-Tf53Q==,38
1f2e11ae3bb0e8bac127ff38f6c2bc484b4163171f9e341871d47b754b139382,1483968445976,1,4250334444,16,,AAAABAMCAAFvA3UEBwj0EVAV1xbzGF0abBslHNwdFB1PHxgi9CTYJjwqEyqNLL8vnTLRNbk22DpYPAU87z1fRUdGUkbXSRtJsUuuTItMs05tUftSKVJTVcZV4FZIVmNYWlh3WOVaK1xrXl1fBF8qY_1mVGaeaPJqQ2t6bAttGXGFcg965nyDf8aCm4PbhEiFbYaui3qMdo8aj0aQ-pErkyeUb5eVl_SaO5uhnDKdrp_foS-j8qXEpwinK6eUrJit8bFCtzG-isBUwGbBxcMTw23Iv80W0B_R_dWB1abXz9gk2Vvaud9t34ri9-kC6-Tr7uwY7FXtPO9L73zviO_r8Wz3wffX-Tf60vxM,37
257cdf670050439204b8ed6f9a382fd5435249656c146200edd5f2aceace5790,1483968445976,1,4250334444,11,,AAAABAUBAAKWA5YFQgmqDFINfA5IDlwPqw_EEQ8RLREvEVARlhXXFr8bJRzcIiYkiyj6KgsqOCsKLJwsvzLRNAo0IDW5Ow07KDt8PAU9X0GWRUdFfkZxRwZLrkyzUDBSKVJTVeBWY1fJWFpca13yX2pgQ2NDZlRq-mwIbRltbG49cFJ8g3_GgpuDCYRIhMWFDoV7hq6J04uMjDaPGo_6km6TJ5eVl_SaO5u1nHuf36EvoqOnK6i5rJius7QMtUi4k7jKuZO8Vr6AvorAZsCawcXDCcM6w23K09Af0NDQ9dJ82VvZ_Nte2-fpAuq662Pr7uv17BjsOO1h73zv6_GK8h3y4ffX-d0=,28
baf9627b02e196ab3678394682c818e94d663a1751ca545c7197c8a216c23e9a,1483968445976,1,4250334444,16,,AAAABAMCAA18DdEOSA-rEHsRLxFQEZYTNRXXFr8XpBhdGyUbyBzcIG4i9CSLKPoqCyo4Kwosvy3SMtE1uTwFPO89X0GWRUdGcUlRSbFLrkyLTLNQMFIpUlNV4FZjV8lYWl3yX2pgQ2NDZlRo8mwLbRltbG49b55wUncHf8aCm4MJhMWFe4V9hq6HE4hAidOMC4w2jHaPGo_6kPqTJ5eVl_SYrZo7m7WcpJ_foS-nK63xrrO0DLVIuJO5fLmTvjq-gL6KwGbBxcMJwzrK08_d0B_Q0ND11AfXz9lb2xrbXtyN323fiuOE53TpAuq662Pr7uv17BjsOOyw70vvfO-I7-vw1fGK8h35Nw==,36
7936ceca41c04fbfce9348f7b2e464d52dcdc521c02c3a42a5038d0975fec094,1483968445976,1,4250334444,17,,AAAABAYBAAceDXwN0Q5ID6sQexCSES8RUBGWFdcWvxewGF0bJRvIHNwgbiL0IzYkiyj6KgsqOCsKLKYsvy3SMjIy0TQKNbk3ZjwFPV9FR0V8RnFJUUmxSotLrkyzUDBSU1MQVmNXyV3yX2pgQ2NDZlRsC20ZbWxuPW-ecFJwu3cHf8aCm4MJhMWFe4V9hq6HE4nTjDaMdo8aj_qQ1pMnlS6XlZeXl_SYrZo7m7WcpJ_foS-m66crrfG0DLQ4tUi4k7mTvG--Or6AvorAZsMJwzrK08_d0B_Q0NfP2VvZhtsa217fiuOE5RnndOkC6rrrY-vu6_XsGOw473zviO_r8NXxivId-Tf79Q==,38
ffe6c031a36ff8010bd0bb599e8793aa7a5e548fe966ff15e05c72e3a1bee250,1483968445976,1,4250334444,11,,AAAABAUBAAKWAx4FQgW1Bx4JqgxSDXwOSA5cD6sRLREvEVARlhXXFr8ZihqNGyUc3B1PH0EgbiL0JIsqCyo4KlsrCiycLL8tHzLRNAo1uUGWQzZFR0V-RnFHBklRSbFLrkyzUDBSKVLsVeBWY1fJWFpbJl3yX2pgQ2JaY0Nq-mwIbAttGW1sbj1wUnn2fIN_xn_7gwmExYauidOLjIw2jxqP-pJukyeVLpcGm7Wce6Evpyuoua6ztAy0xbVIuZO8Vr6AvorAZsCawcXC7MMJwzrEosrT0B_Q0ND10nzXz9lb2fzbXtvn35jpAuq662Pr7uv17BjtYe-I7-vw1fGK8h3y4fk3-d0=,38
904ef920c82b95fa3f941dbd82a045050fdfc4cd088311e1d4fcd79951da9da1,1483968445976,1,4250334444,14,,AAAABAMDAAHnA-4FLQthDF8NfA3iDjwRUBUnFy8ZihpsGo8bJRv6HKcc3B0UHaodviFgIvQksCW8Jd8nCyj6KaUvbzH7M4c1uTboOlI8LUCgQYdGcUa3SI5JsUuuU6VVtVXWV8lca1yKXhNfP1-wYVJk52aeZ5to8mwLbRlvnnC7dPF673_Gf-OApILHgwmDX4O2g8yESITFhmCG0Yx2jLGPGo9GkyebWJuKm6GbtZ2uns2hL6cIpyunMK4-r2y0DLcxtz64k75PvorBBMHFwzrDbcauykrK09Nv04_Xz9kT2VvbT9-K37_gw-GI5FHpAuq66-7sGOyD707viPba98H31_k3-ej60vsJ_kk=,37
aa44c5359649f2fefeaa9664eb5d29147a4e90fe447cd5ba6571c7cbe9e10b60,1483968445976,1,4250334444,11,,AAAABAUBAAKWAx4FQgmqCpsMUg18DkgOXA_EES0RLxFQEZYV1xhdGYoajxslHNwdTx9BIG4i9CSdKgsqOCpbKwosnCy_LR8y0TW5O3w870GWRA1FR0V-RnFHBklRS65Ms1AwUuxWY13yX2pfsGBDYlpjQ2jyavpsCGwLbRluPW-ecFJ463yDf8aCXoMJhMWGronTi4yMNo8aj_qSbpMnlciXBpu1nHuhL6Kjpyuoua3xrrO0DLTFuMq5k7xWvoC-isBmwJrBxcLswwnDOsSiyPDKSsrT0B_Q0ND10nzTftlb2fzb59-Y5wrpAuq66-7r9ewY7WHveu_r8NXxivId8uH22vnd-wk=,27
ce36bf2218ba6ed06c4134c65a5c47716e343aa286c5b5f583137f45554ee7d0,1483968445976,1,4250334444,14,,AAAABAMDAAPuBx4LYQxfDXwN4hFQFScXLxhWGF0abBslHKcc3B0UHb4fGCL0JLAo-iycL28y0TOHNbk8LTzvRUdGcUcGSI5JUUmxS65Ms025UftSKVOlVeBXyVhaWpFca1yKX7BgQ2ZUZp5odGjyaqxr22wIbAttGW49b55wu3IPfRh_xoCkgseDCYNfhEiExYVgiECMdoyxjxqPRo_6kyeUb5Uum4qboZu1na6hL6aspwinK6h9qsSt8a9stAy3MbiTvk--gL6KwGbBxcNtxq7KSsrTzLzNFtAf0NDTj9P718_ZE9lb2mLb59-K4YjpAuq66-7sGOyD7IrviO_r8NXxivfB99f5N_no-tI=,40
4c5d8cab5d44a50cf513d1a254578bd83d9b3a2e026d445bcff4bc0f22f61dd6,1483968445976,1,4250334444,14,,AAAABAMDAAPuBx4LYQxfDR8NfA5IES8RUBGWFScXLxhWGGoZiho4GmwajxslHKcc3B0UHaodviL0JLAmiCj6KwovbzOHNbk8KDwtQYdGcUlRSbFLrk5tU6VV1lfJWAdZ81ugXGtcil3yX7Bk52ZUZp5odGjybAttGW-ecLtyD3gvfA585X_GgKSCx4MJg1-DzIRIhMWMdoyxjxqPRpBVkyeUb5UumK2bipuhm7WcMpy-na6hL6XEpwinK6dVr2yvjbQMtzC3Mbc-uJO-T76KwcXDOsNtxq7KSsrT04_Xz9kT2VvaYt-K4YjoWukC6rrr7uwY7IPviPDV9tr3wffX-Tf56PrS-wn-SQ==,24
3c0f0a83ffb482a70cde0b8d7f43f77265f86cfdfd65fd7e2d1b14b2d812c831,1483968445976,1,4201952725,17,,AAAABAYBAAV9Bx4HmQkzDkgOXA-rEJIRLxFQEZYVIBXXFqoWvxmKGyUdTyBuIuoi9CPTJIsknSoLKjgrCiy_LOEs6S1VMjI1uT1fPdE94kQNRX5HBkjuSVFJsUuuTI5Ms04qUDBSU1ZjVvVZ8FuvXEBd8l9qYlpjQ2qMavpsC20ZbydwUnBWdf13_X3jf8aEb4SihMWGroazidOMNo6Kj2CP-pAbkyeVLpcGl5WX0Jf0mhOaapu1oS-i2aZ_pyusZrDYtUi5PrxvvorDOsSiyBTI8NAf0NDRNtN-1ELXz9h22VvZhttu29TdDd-Y4izpAutj7BjtQe9674jv6_DV8uH1b_aj-Tc=,30
fc1a67b8530e6d707b475a0979ca8372e9547ee4e1799d49012d285a79b27dbc,1483968445976,1,4191868705,22,,AAAABAIDAAPuBUINfA5IDlwPqxBYEQ8RLxFQEZYV1xXtFr8ZihqPGyUc3B2qHb4gbiL0JIsknSj6KgsqOCsKLJwsvy2oM4c1uTdMPV9BlkQNRX5GcUlRSbFLrkyzUDBSU1S9VmNXyVxAXGtd8l9qYlpq-mwLbRlwUnC7df1_gH_GgseDCYRIhG-ExYaujZKPGo_6kyeWi5cGl5WX9Ju1nrehL6crrJius6-br-uxkLQMtUi4k7mTvoC-isHFwwnDOsNtxKLHncjwytPQH9DQ0PXTftRC1bnXz9lb217fmOGI5-rpAuq662Pr9ewY73rviO_r8NXxbfId9tr3PffX-TP5N_sJ_xA=,40
3ad65fb66302a96f46b716a51db64becb6dde7ac2bb6d50ebd924fe8eeec79a4,1483968445976,1,4175266273,11,,AAAABAUBAAKWAx4FQgceCaoMUg18DkgOXBEtES8RUBGWGYobJRzcHU8fQSBuIvQknSoLKjgqWysKLJwspi0fMtE0CjW5N2Y3gzqtPeJBlkM2RA1FR0V-RnFHBkjuSVFJsUuuTLNQMFLsV8lcil3yX2pfsGJaY0Nq-mwIbAttGW-ecFJ3B3n2e9d8g3_GgwmExYcTidOLjIw2jxqP-pDWkm6TJ5UulwabtZx7nKShL6brpyuoua6ztAy0xbmTvFa-isBmwJrC7MMJwzrEosjwykrK09Af0NDQ9dJ8037Xz9lb2fzbXtvn35jpAuq662Pr7uv17WHveu-I7-vw1fGK8h3y4fk3-d0=,33
894b4a7931d3c668a76de7998aced968a0e3c81c5dabd50423d28d76747067bc,1483968445976,1,4166883597,11,,AAAABAUBAAKWAx4FtQmqDFINfA5IDlwPqw_EES8RUBGWFdcWvxmKGo0ajxslHNwdTx9BIG4i6iL0JIso-ioLKjgqWysKLL8tHy9vMtE1uTt8QZZDNkVHRX5GcUcGSVFLrkyzUDBSKVLsVeBWY1fJWFpbJl3yX2pgQ2JaY0Nq-mwIbAttGW49cFJwu3n2f8Z_-4MJhMWGronTi4yMNo8aj_qSbpMnlwabtZx7oS-io6crqLmus7QMtMW4k7jKuZO8Vr6AvorAZsCawcXC7MMJwzrEosrT0B_Q0ND10nzZE9lb2fzbXtvn35jo1ukC6rrr7uv17BjtYe_r8NXxivId8uH22vnd-wk=,37
9dff733e006de1dc2b53f4a4ae01d42e10984664a9e5b43d7cc641b70003934e,1483968445976,1,4142654494,18,,AAAABAYDAAQHBbUHHgdjCNQI9A5IDlwOjhEvEZYRwhODE98agR7wI18j9iaVJ6kqCypTKwotHzB8MgEyGDY9N9Q6WD1fQixFfEV-RblJUUmxTLNNklFHUXRSU1MxVGJVS1XGXfJfKmHiYetiT2KVYqxknWpDavpsCGyMbRlwUXBSc212b3pTfll-sH_Gg9uEd4nTjDaNfY2_j_qTJ5UglS6XlZeXl_SbJpuanaqd2aBDoHmhL6KjppmyGbJwswO0DLQ4tMW3dbkGvOq-isBUwcXB88LsyQbK08u9zerPetAf1CPXz9hU2-flGejW62Pr5Ov17T_uFe-I7-vw1fD58YryHfk3-_X9Sg==,30
35a987099deaf7e9856255f1a196e2f41e3c1a1438c32fc557f41fd525a48b1a,1483968445976,1,4113359485,14,,AAAABAMDAAFvA-4EBw18DeIOXBFQFScVUBXXFy8YVhmKGmwajxslHNwdFB1PHaodviL0JLAnqSj6KlMsnCymLL8vbzLRM4c0CjW5N2Y3g0VHRX5GcUeFSI5JsUuuTLNNuVXWVmNXyVqRXGtfKl-wYpVk52h0aqxq-mvbbAttGW-ecLt9GH_GgKSCx4MJhEiExYVghq6IQIt6jLGPGo9Gj_qQM5DWkyebipuhm7WdrqEvpqym66cIpyuofarEsnC0DLiTvk--isHFwzrDbcpKytPMvNAf0_vXz9kT2VvaYtrd34rhiOL36QLquuvk6-7sGOyD7IrviO_r9tr3wffX-Tf56PrS-wn-SQ==,27
e994d8f4506e987ee4743d5284d1b9777866d82de06e7314c7da250afc6b62c8,1483968445976,1,4097738689,14,,AAAABAMDAA18DeIOXBFQFScV1xcvGDwYVhmKGmwajxslHNwdFB1PHaod2SL0JLAo-ipTLL8vbzW5PC1Bh0NURX5GcUeFSI5JUUmxS65Ms025UilV1lXgVmNXyVhaWpFca17AX7BilWTnZlRmnmqsavpr22wLbRlvnnC7cg99GH_GgKSCx4MJg1-DzIRIhMWFYIauiEKIWox2jLGPGo9Gj_qTJ5RvmK2bipuhm7WdrqBCoS-nCKcrqH2qxLJwtAy3Mbc-uJO9J72Cvk--isHFwzrDbcpKytPMvNAf0_vXz9kT2VvfiuGI6QLquuvu7Bjsg-yK74jv6_DV9HH22vfB99f5N_no-tL7Cf5J,37
2da44d8b0e5a5366de566ba9cfc87d99b80fe2d4498f6747d69ab3e635b8e2e3,1483968445976,1,4094758024,21,,AAAABAIBAAHRBX0FtQceDPIOSA5cES8RUBGWFdcWqha_FyYZihqNGo8bJSBuIuoi9CT9JyEqCyo4KwosvyzhLVU1uTfUOq08vj1fPdE-z0HQRX5HBklRSbFLrkyzUDBRR1JTVmNW9VsmXfJfal9wYlpjQ2r6bAhsC20ZcFJwVnX9d_16hH3jf8Z_-4NthG-ExYauidOMNo2_joqP-pAbkyeVLpXIlwaXlZfQl_SaE5u1oS-ly6Z_pyusZq_rtMW1SLk-vea-isLswzrEotAf0K3Q0NRC18_YdtjV2VvbbtvU2-ffmOdU6NbpAutj7BjtP-1B74jv6_DV8Yry4fba-Tf7Cf4J_94=,40
3152161fde50f115cba8f648dd556908423121b27da831370018726ba54128b5,1483968445976,1,4093151355,16,,AAAABAMCAAFvA3UEBwceDXwOSBEvEVARlhM1FdcXpBhqGmwbJR8YIbAi9CepKPoqOCqNKwospiy_LagulDQKNPc1uTbYN2Y8BT1fRlJGcUkbSVFJsUuuTLNR-1JTVEdWSFZjV8lYB1h3XGtd8l8EXypfal-wZlRremwLbRlvnnRVeC985X_GgpuDCYRIhMWFe4aujDaPRo_6kNaRK5MnlS6XhZeVl_SYrZo7m6GbtZ2unsSf36Evpr6m66cIpyusmLGQtAy-gL6KwGbDOsNtyL_KSsrTzRbQH9DQ1AfVptfP2CTZW9yN34ri9-Qi6QLquuvk7BjsOOxV7TzvfO-I7-vw1fFs99f5N_xM,40
27d1be73646b1ae7d6e99e03e52192296e4cce11c42fe352704cffc4df471124,1483968445976,1,4093017464,22,,AAAABAIDAAFvBAcHHg18DkgOXA-rEHsRLxFQEZYUdRUgFdcWvxeWGNsZihm0Go8bJR8CIvQj0ySLJJ0qOCsKLL8s6S2DNbk2xTdMPV9EDUV-RnFJUUmxS65Ms04qUlNWSFZjW69ca13yX2pgQ2JaZfBq-mwLbRltbG49bmlvJ3VOeHp_gH_GgwmESITFhNmGroazh2qLeo9gj_qTJ5UulwaXlZf0mmqbtZ63oS-kwqaNpyuplK_rtAy1SL46voC-ir6nwzrDbcSixLjHncjwytPQH9DQ037V-NfP2CTZW9sa3Q3fmOL353Tn6ukC6Zjquutj7Bjveu-I7-vw1fFt9qP22vkz-Tf7Cf8Q,36
5b7085bc86ed3f1e50e298f7e580cd9eb308daabcbac39e7f0e026b07c6b2d0f,1483968445976,1,4083737781,11,,AAAABAUBAAKWBbUGOQkzDFINfBFQFSAV1xmKGo8bJRzcIuoi9CSdKPopTyo4LL8s4SzpMtE1uTdHOq08BT0PPV894kQNRUdHBkjuSVFJsUuuUEJRYFJTUzVWY1fJV-JfamJaY0NmVGusbAhsC20Zb4RwUnflfLt943_GgpuExYV7hq6Gs4nTjDaMdo8aj_qSbpMnlciXBpeVl_SaO5u1nHuePJ_foS-nK6i5rGa0DLTFuJO5PrxWvorAZsHFwuzDOsSiyPDK09DQ0TbSfNN-18_Ydtlb2-ffmOIs6NbpAuq66-7sGOw47SDtYe9673zviPDV8Yry4fMG9qP22vk3-d37Cfuq_xw=,31
5307b57b760eabb2e4d8ee24c983fd8274082ca912da2ea16b4b80b9d4849915,1483968445976,1,4056119859,14,,AAAABAMDAAFvDXwN4g48EVAUcRUnFy8YahmKGjgabBqPGyUc3B0UHU8dqiFgIvQksCW8JwsnLyj6KaUspi9vNAo1uTdmN4M6UkCgRJ5FnUZxRrdIjkmxS65TUlO7VdZXyVgHWfNca1yKXhNfsGBDYVJk52ZUZp5sC20Zbj1vnnC7cg9yqXTxeC985X_GgKSDCYO2hEiExYZghtGLeox2jLGPGo9GkFWTJ5RvmuCbipuhm7WdrqEvpuunCKcrrKq0DLcxuJO-T76KwcXDOsNtykrK09Nv04_Xz9kT2VvbT9-K37_gw-GI4vfpAuoY6rrr7uwY7IPvTu-I9tr3MvfB99f46_k3-tL7Cf5J,27
9848bd06e3fcc95d0c24217b7019cbb74f824efa36d5a1bd2dfa5a33822bbbaa,1483968445976,1,4054771757,17,,AAAABAYBAAV9Bx4HmQkzDXwOSA-rEJIRLxFQEZYVIBXXFqoWvxmKGyUgbiLqIvQj0ySLJJ0qCyo4KwosvyzhLOktVTIyNAo1uT1fPdE94kQNRwZI7klRSbFLrkyOTLNOKlAwUlNWY1b1WfBbr13yX2piWmNDaoxsCGwLbRlvJ3BScLt1_Xf9feN_xoRvhKKExYauhrOOio9gj_qQG5MnlS6XBpeVl9CX9Jpqm7WhL6LZpn-nK6xmsNi0DLVIuT68b76KwzrEosgUyPDK09Af0NDRNtN-1ELXz9h22VvZhttu29Tb590N35jiLOkC6rrrY-wY7UHveu-I7-vw1fGK8uH1b_aj-Tc=,38
1f5eaeddbd34d29c8ee051addc853776fed0701811d711ae295ba2645c7c7780,1483968445976,1,4032611077,21,,AAAABAIBAAHRAecDHgX5DY0OSBEPES8RlhSwFdcV8BcmGYoZ1xpVG8gc3B9BI9MqOCsKLL8uUzY9Nug7DTy-QdBDMUZpSbFMLUz_TipU_lWFVkhWY1oaW69ca13yX2pfcGEhbWxvJ3XLeoR-r3_Ggh6DbYRIhMWE74auiEKMC40ZjX6PGo9Gj2CP-pAKkyeTlZXMlwaaapsmm6GbtZ_LoSKhL6JAo4qly6cIpzCsmK0zr-u1SLiTuXy95r6KvqfBxcMzwzrDbcSizZjP3dCt0NDTb9fP2CTY1dlf2sHdjOAS53To1upi6xTrY-vu7BjssO0_7g7viO_r8Yr0-PfX-Tf5Y_zF,39
59ce6b93e88940a2a7fea09d18cf6ac5a6fdad28357e629c14bee1876d4a5f5d,1483968445976,1,4031670094,14,,AAAABAMDAAPuBAcEswceCPQNHw3iFScWbxcvGGobJRzcHRQdviLiIvQkqiaVKPoqTTLRM4c1kjbpOlg64TwoPydBh0VHRZ1H4kiOSVFJsUrIS65Ms03jTm1QQlM1U1JVS1XGVdZYB1ltX5hh4mTnaPJqQ2vbbAttGW6qcLt4L3vDfOV9GH_GgKSCHoLHg9uFMohAiEKKr4w2jLGPGo9Gj_qQEZAzkyeVLpf0muCbipuhnDKcvqEvogCkOaXEplemrKcIrJi18rc-uJO-T76KwFTAZsHFzzLQH9OP0_vXz9i92VvbC9-K42rpAuvu7Bjsg-yK74jv6_Af8NXyRffX-Tf56PrS_gr-jw==,36
8ea236d964e403c8545022bcd56884416b5748278aa5e84971720f30ebfe75e7,1483968445976,1,4019877809,16,,AAAABAMCAAFvA3UEBw18DlwRUBVQFvMYXRhqGmwbJRzcHRQdTyL0JNgmPCoTKo0snCymL50y0TQKNbk22DdmN4M6WDwFPO89X0SrRUdFfkZSRnFJG0mxS65Mi0yzUlNVrlXGVkhYB1h3WOVaK1xrXIpeXV8EZp5o8mr6a3psC20ZeC9713yDfOWCEIKbgwmD24RIhW2Leox2jxqPRo-mkNaQ-pErkyeXlZf0mjuboZ2un9-hL6PypuunCKcrp5SsmK3xtAy3Mb6KwGbDbci_ytPQH9H91YHVptfP2CTZW9rd323fit-w4vfpAuq66-7sVe0870vvfO-I7-vxbPfB99f5N_rS_Ew=,40
b4b51190b414794e80ef225f937856b07120bac515aa64d1650e17706567820f,1483968445976,1,4012535333,21,,AAAABAIBAAAGA4cGIAaiB2MLwQxzDXwNjQ-rEVAS8RR1FdcV9ha_FyYX3BmKGyUbrR1PIvQj0ySLJJ0k_So4LKYsvy0fLU0uUy9vL3I0CjW5N2Y3gzfUPV8-z0HQQzFJUUuuTLNM_04qUDBQQlFHUzVU_lZjV5dXyVh1Whpbr19qYEFiWmJ5Y3BkCWr6a5BsC20ZbydwUnC7dKB313qEf8aExYauidOMNo9gj_qTJ5Vmlwaaapu1oS-jiqbrpyuv67GztAy95r6KvqfBxcMzwzrEosrTy73QH9Ct0NDTb9N-2RPZW9rB35jmgedU5-rpAuq67BjtP-4O7-vw1fkz-WP8xf_e,40
fe8bd09393fdaa87dd1d7c6a5833be0bf9cc6f997cabb48c1f22952caa17a93b,1483968445976,1,4004456578,22,,AAAABAIDAAHRBx4IiQ18DkgOXA-rD8QRLxFQEYERlhR1FdcWvxeWGYobJR1PIG4hdiPTJIsknST9KgsqOCsKLL8tHzB8Mfo0CjW5N0w31DnUO3xEDUV-SVFJsUuuTLNOKlAwUUdWY1b6W69daF3yX2piWmOnavptGW8ncFJ1_Xb3d9d_K3-Af8aEb4TFhq6GzonTjDaPYI_6kyeVBZUglS6XBppqmvGbtZ63oJ-hIqEvokCio6TCpyun1K_rtAy1SLjKvorBM8HzwzrEosedyPDKqcrT0B_Q0NN-1ELXz9lb3UbfmOdU6QLpmOq662PsGO0_7g7veu-I7-vw1fFt9Pj5N_7I_xD_3g==,37
86e22c789e2f28cb8ca36028fae7ead39e86c64a6d39eb2109acfc874a2ebcc6,1483968445976,1,4003311323,14,,AAAABAMDAAPuDXwN4g48EVAUcRUnFy8YVhhqGYoajxslHNwdFB2qHb4i9CSwJbwnCyj6LKYvbzOHNAo1uTdmN4M6UkQERnFIjklRSbFLrk25VdZXyVgHWfNakVxrXIpfsGFSZOdmVGaeaHRqrGvbbAttGW-ecLtyD3KpeC985X0Yf8aApILHgwmDtoRIhMWFYIZghtGMdoyxjxqPRo_6kyeUb5uKm6GbtaEvpuunCKcrqH2qxKyqtAy3MbiTvk--isHFwzrDbcpKytPMvNOP0_vXz9kT2VvaYttP34rfv-DD4YjpAuoY6rrr7uwY7IPsiu9O74jw1fba9zL31_jr-Tf56PrS-wn-SQ==,35
7452880c4c84f915e964b4757871f4ed15366e806fc5d5f2d743a074b2c593e2,1483968445976,1,4002537319,22,,AAAABAIDAADuAbwD7gVCCTMNfA5IDlwRLxFQEZYVIBmKGo8bJRzcHaodviBuIvQknSepKPoqCyo4Kk0rCiycLOktqC9vM4c1uTdMPV8_J0GWRA1FfkZxSVFJsUuuTLNQMFJTVIJXyVltXIpd8l9qX5hfsGJaavpsC20Zb55wUnC7e9d_gH_GgseDCYTFhrOJ04w2jZKPGo_6kyeXBpeVl_SbjZu1nrehL6Pvpyuus7GQtAy4k7mTvoC-isHFwwnDOsSix53I8MpKytPOqM8y0B_Q0ND1037Xz9kT2VvbXt-Y4YjpAuq66_XsGO9674jv6_DV8W3yHfaj9tr3Pfk3-wn-Sf8Q,40
45745b04a907c7f031b7bf78032b5e709b54e9a8ddd4e952a9ae38bdbdc5311a,1483968445976,1,3993883639,22,,AAAABAIDAAHRBUINfA5IDlwPqw_EES8RUBGWFe0WvxeWGYoajxslIG4i9CSLJJ0nISepKgsqOCsKLJwspi9vNAo1uTdMN2Y7fD1fQZZEDUV-RnFHBklRSbFLrkyzUDBSKVJTVL1V4FhaXEBcil3yX2pgQ2JaY0Nq-mwIbAttGW49cFJwu3X9e9d_gH_GgwmEb4TFj_qQ1pMnlciWi5cGl5WX9Ju1nrehL6Kjpyuus6_rtAy1SLjKuZO-gL6KwcXDCcM6xKLHncjwytPQH9DQ0PXTftRC1bnXz9kT2VvbXtvn35jpAumY6rrrY-v17Bjveu-I7-vw1fFt8YryHfLh9tr5N_sJ_gn_EA==,36
18829c536d71d4dbfa9a36622f438ed40423c4e0c14bc3e3275e63c5ff115f34,1483968445976,1,3979344813,11,,AAAABAUBAAKWAx4FQgmqCpsMUg18DlwPqw_EES0RLxFQFdcWvxmKGyUc3B1PH0EgbiSLJJ0qCyo4KlsrCiycLL8tHzLRNAo1uTqtO3w94kGWQzZEDUVHRX5GcUcGSO5JUUuuTLNQMFBCUuxTNVZjXfJfamBDYlpjQ2r6bAhtGW1sbj1wUnn2fIN_xoMJhMWGronTi4yMNo8aj_qSbpMnlSCXBpu1nHuhL6Kjpyuoua6ztAy0xbVIuMq5k7xWvoC-isBmwJrBxcHzwuzDCcM6xKLI8MrT0B_Q0ND10nzTftlb2fzbXtvn35jnCukC6rrrY-vu6_XsGO1h73rv6_DV8YryHfLh-d0=,32
498550ac2b47257412de077669f8e8dc04f27960e0a90fae59f8dfc15539afd8,1483968445976,1,3977952818,16,,AAAABAMCAAW1DR8NfA5IES8RUBGWEzUW8xekGDwYVhhdGGobJRzcHU8fGCL0Jjwo-ilPKwovnTLRNbk8BTwoPC087z1fQYdFR0ZSRnFHBkmxS65Ms1H7UilSU1XgV5RXyVgHWFpca1yKXfJfsGZUaPJremwIbAttGW-eeC9713xLfOV_xoKbgseDCYNfg8yESITFhXuMdo8aj0aP-pMnlnSXlZf0mjuboZu1nL6ePJ_foS-nCKcrrfG0DLTFtUi3PriTvSe-isBmwcXC7MNtyL_KSsrTzRbQH9DQ1AfVptfP2L3ZW9vn3I3fiukC6rrrY-vu7BjsOO9874jv6_GK99f5N_no_Ez-Cg==,37
df4172606f2bbba3a507048f51d5c59b3f8f851ea2633dafc70560c6d050b73d,1483968445976,1,3975516503,22,,AAAABAIDAAHRCaAOXA-rD8QQexEvEVAUsBXXFr8XlhmKGo8bJR1PIG4kiySdKgsqOCsKLL8tHy9vNbk3TDt8P3NEDUV-RwZJUUmxSppLrkyzUDBQQlIpUzVV4FZjWFpZvF3yX2piWmNDavpsCGznbRltbHBScLtzcH-Af8aCHoTFhq6J04wLjDaP-pMnlSCXBpphm7Wet5-IoSKhL6IEokCio6crr-u1SLjKuXy-Or6KwQDBxcHzwnPDOsSixSjHncjwznDQH9DQ037Xz9kT2VvbGtte2-ffmOd06QLpmOtj7BjssO9674jv6_DV8W3xivLh9Pj1S_Zb9tr25_k3-u_7Cfxk_xA=,31
ddcf898ddc76c485b7af2fcbeb91a86426eff4344b73dd6f49c1b81cda3f87f1,1483968445976,1,3961660507,17,,AAAABAYBAA18DdEOSA5cD6sQkhEvEVARlhXXFr8XsBhdGyUbyBzcIG4i9CM2JIso-ioLKjgrCiy_LdIvbzIyMtE0CjW5N2Y3gzwFPO89X0VHRXxFfkZxSVFJsUqLS65Ms1AwUilSU1MQVeBWY1fJWFpd8l9qYENjQ2ZUaPJq-mwLbRltbG49cFJwu3_GgpuDCYTFhXuFfYauidOMC4w2jHaPGo_6kyeXlZeXl_SYrZo7m7Wf36Evpyut8bCStAy0OLVIuJO5fLxvvoC-isBmwcXDOsrTz93QH9DQ18_ZE9lb2YbbXuOE5RnpAuq662Pr7uwY7DjssO9874jv6_DV8Yr5N_v1_5M=,40
bfb545dfedb760baf15d270d5a3c5e45d2a7bed2c5414d3adf97780858d46780,1483968445976,2,4250334444,16,,AAAABAMCAAN1BAcI9A18DlwRUBXXFy8YXRhqGmwbJRzcHRQdTyL0JNgnqSj6KhMqjSymLL81uTbYN2Y3gzpYPAU87z1fRX5GUkkbSbFLrkyLTLNObVJTVcZV1lZIVmNXyVgHWHdY5VorXGteXV8EZOdmVGaeaPJqQ2r6a3psC20ZeC98g3zlf8aApIKbg9uESIVthXuGrox2jxqPRpDWkPqRK5Mnl5WX9Jo7m6GcMp2un9-hL6PypcSm66cIpyunlKyYrfG3MbiTvorAVMBmwcXDbci_0B_R_dWB1abXz9gk2Vvfbd-K4vfkIukC6-7sGOw47FXtPO9L73zviO_r8Wz3wffX-Tf60vxM,24
78bfed31dd6aa90caa2e29625a01e280f49cae826a1b5e6e090b4ac92e53330c,1483968445976,2,4250334444,17,,AAAABAYBAAV9Bx4HmQkzDXwOSA5cD6sQkhEvEVARlhUgFdcWqha_GYobJSBuIuoi9CPTJIsknSoLKjgrCiy_LOEs6S1VMjI1uT1fPdE94kQNRX5HBkjuSVFJsUuuTI5Ms04qUDBSU1ZjVvVZ8FuvXfJfamJaY0NqjGr6bAhsC20ZbydwUnC7df13_X3jf8aEb4SihMWGroazjoqPYI_6kBuTJ5UulwaXlZfQl_Saapu1oS-i2acrrGaw2LQMtUi5PrxvvorDOsSiyBTI8MrT0B_Q0NE2037UQtfP2HbZW9mG227b1Nvn3Q3fmOIs4tXpAuq662PsGO1B73rviO_r8NXxivLh9W_2o_k3,40
b568b9b675d3851bae1941390346355ccd54f467b5468aec3ec6a50ac9098ee3,1483968445976,2,4250334444,19,,AAAABAYCAAceCSANfA3RDkgOXA-rES8RUBGWFdcWvxhdGyUbyBzcIG4i9CSLKPoqCyo4Kwospiy_LdIy0TQKNbk3ZjwFPO89X0VHRXxFfkZxSVFLrkyDTLNQMFHZUlNWY1fJXfJfamBDY0NmVGjyavpsC20ZbWxuPW-ecFJw1HSBdwd_xoCzgpuDCYTFhXuFfYauhxOJ04wLjDaMdo8aj_qQ1pFHkyeVLpeVl5eX9JitmjubtZykn9-hL6Ojpyut8bCStAy0OLVIuJO5fLmTvoC-isBmwwnDOsrTz93QH9DQ2VvbXuOE5RnpAuq662Pr7uv17BjsOOyw73zv6_DV8YryHfmk-_X_kw==,33
af9eb1b5a88ae4b05645a8410e461124e72fee6505997717cb87c316ad1526d9,1483968445976,2,4250334444,16,,AAAABAMCAAN1DR8NfA5cEVAV1xcvGF0YahpsGyUc3B0UHxgi9CSwJNgo-ioTLL8y0TW5PAU8KDzvPV9Bh0VHRX5GUkbXSVFJsUuuTLNObVH7UilSU1XWVeBWSFZjV8lYB1haWHdY5VorXGteXV8EY_1mVGaeaPJq-mt6bAttGXGFcg94L3rmfIN85X_GgKSCm4LHhEiFbYaujHaPGo9Gj_qQ-pErkyeUb5eVl_SaO5uhnDKcvp2un9-hL6PypcSnCKcrp5St8bQMtzG4k76KwGbBxcNtyL_K080W0B_R_dQH1YHXz9gk2Vvcjd9t34rpAuq66-7sGO9874jv6_DV98H31_k3-ej60vxM,23
215eaf688ab347ea546fa63b903b5a2b0e6058b5d167c9b41b22d8a2b7e07d70,1483968445976,2,4250334444,16,,AAAABAMCAAFvAuMDdQVCBx4HpQ5IDlwPxBEtES8RUBGWFdcWQBslHNwdFB1PIG4i9CoLKhMrCiycLL8y0TW5NsU7fDwFPV9BlkVHRX5GUklRSbFJskuuTItMs06uUDBSU1ZjWHdY5VorXGtcil3yXl1fBGaeavpremwLbRlwUnyDf8aCEIKbg_OESIV9hq6J04t6jDaMdo5kjxqPRo_6kPqRK5MnlS6XlZf0mjudrp_foS-io6PypwinK6eUrhKus7E2tvq3MbjKuZO-isBmwwnDbci_0B_Q9dH91abXz9gk2VvbXt9t37Di9-kC6-7r9ewY7TzvS-9874jv6_DV8h33pvk3-tL8TA==,36
d3880fc5d85836fac10decdc2c14ce42ff66de09f56b173741433489c98087a9,1483968445976,2,4250334444,15,,AAAABAMBAAPuBbUNHw18DkgQexEvEVARlhV-Fr8YXRhqGYoabBqPGyUc3B2qHb4i6iL0Jogo-ipTKlsrCjLRM4c1uTqtPAU8KDzvPV9Bh0M2RUdGcUlRSbFLrk5tUlNS7FfJWAdcQFxrXIpd8mjyadhsC20ZbWxvhHWedoJ4L3n2e9d85XzwfqF_xoLHgwmESIfLjxqPRo_6kQeSdJMnl5WX9JuhnDKcvp2un9-hL6XEpwinK6ebrfGycLQMtNG1SLcwuJO7_L46vorAZsHFwuzDOsNtxvfIDMrTzxXXz9lb2xrfiuGI53ToWujW6QLquutj6-7sGO9874jw1fba98H31_k3-ej7Cf5J_xw=,36
44006ddaad19581ffb36eada2f110530184bc89ebdcb300a80d9407111410892,1483968445976,2,4250334444,11,,AAAABAUBAAKWBx4JMwmqDFINfA5IDlwPqxEvEVARlhUgFdcWvxmKGyUc3CBuIvQj0ySLJJ0o-ioLKjgrCiy_LOkvbzLRNAo1uTwFPV894kQNRUdFfkZxSO5JUUmxS65Ms04qUDBSU1ZjV8lbr13yX2pgQ2JaavpsC20ZbWxuPW8ncFJwu3_GgpuDCYTFhq6Gs4nTi4yMNo8aj2CP-pJukyeVLpcGl5WX9Jo7mmqbtZx7n9-hL6crqLm0DLVIuJO8Vr6AvorAZsCawzrEosjwytPQH9DQ0TbSfNN-18_ZE9lb2fzbXt0N35jiLOkC6rrrY-vu7BjtYe9673zviO_r8NX2o_k3-d0=,36
bd5f5573fa3608833f42ec1362d0a8d5c96d759689cca96d0e42a5d7f7c008a8,1483968445976,2,4250334444,14,,AAAABAMDAAPuBAcNfA48DkgQexEvEVARlhRxFScXLxhWGGoZihqPGyUdFB1PHaodviLqIvQksCW8Jwso-isKLR8vbzOHNbk6UjpYPChCS0ZxSbFLrkyzTm1VxlXWV8lYB1nzXGtcil3yYVJk52aeaHRsC20ZbWxwu3IPcql4L3zlf8aApILHg7aD24RIhMWFxYZghtGMdoyxj0aTJ5itm4qboZu1nDKcvqEvpcSnK6yYrKq0DLVItzG-Or5PvorBxcM6w23K09Af04_Xz9kT2VvaYtsa20_fit-_4MPhiOd06NbpAuoY6rrrY-wY7IPvTu-I7-v1S_ba9zL31_jr-Tf56PrS-wn-SQ==,36
bffd7a4d862e8c0817da7b8d5c56c958aafb04f9a911dc700f5ff11c8c97faaf,1483968445976,2,4250334444,11,,AAAABAUBAAFvApYDdQVCCaoMUg18EFgRLREvEVAV1xhdGmwbJRzcIG4i9CTYKU8qCyoTKwosnCy_Nbk2xTwFPO89X0GWSVFJsUuuTLNOrlAwUEJSU1M1VmNYd1jlWitca13yXl1fBGZUZp5o8mwLbRlwUnyDf8aCm4PzhEiFbYV7hq6HZYnTi3qLjIw2jHaPGo_6kSuSbpMnl5WX9Jo7nHudrp48n9-hL6PypwinK6eUqLmt8a4SrrOxNrQMtzG5k7xWvorAZsCawcXDCcNtytPQH9D10f3SfNWB1abXz9gk2VvZ_Nte4vfkIukC6rrr7uv17BjsOO1h73zviO_r8NXyHffB-Tf53Q==,40
76a57cdcd83c05a057d603875fb1481f90644b9091255a194a645a21bbf22f3c,1483968445976,2,4250334444,12,,AAAABAUDAAPuCPQNHw18DlwRUBcvGDwYVhhqGYoabBqPGyUc3B0UHU8dmR2qHb4i9CSwKPoqUy0fL28y0TOHNbk3RzpYPChBh0VHRX5GcUlRSbFLrkyzTlJObVXGVdZXyVgHXGtcil8qX7BgQ2TnZp5qQ2r6a6xsC20Zbj1vnnC7dFV4L3zlf8aApILHgwmESITFiFuMdo8aj0aP-pIrkyeYrZuhm7WcMpy-na6hL6UYpcSnCKcrrJiwC7JwtAy3MbdouJO9J76AvorAVMBmwcXDOsNtxLTKSsrT0B_Xz9kT2Vva3eGI4vfpAuq66-7sGO-I77zv6_DV9tr3wffX-Tf53fno-tL7Cf0A_kk=,35
acb85b7e6b9c486099c2e58098f1dc14d5e0aec7485efba13107a379ece84c48,1483968445976,2,4250334444,16,,AAAABAMCAAFvA3UEBwceDXwOSBBYES8RUBGWEzUV1xbzF6QYVhhdGmwbJRzcHwIhsCL0JNgmPCaIKPoqjSsKLJwsvy6UL50yNDT3Nbk2xTbYPAU87z1fRZ1GUkkbSVFJsUuuTLNSU1NSVkhWY1fJWHdca13yXwRfKl9qaHRo8mt6bAttGXRVf8aCm4LHhEiFbYauh2WLeo8aj_qQ-pErkyeUoJUulnSXhZeVl_SYrZo7muCdrp_foS-nCKcrrJit8a-3toa3MLiTvorAZsNtyL_QH9DQ1YHVptfP2CTZW9pi323fiuL35CLoWukC6-Tr7uwY7FXtIO0873zviO_r8NXxbPfB-Tf56PxM,40
6549629107f3a3f2f9d34273063e5796aee117e3eaa7b868bfc91302b068ddff,1483968445976,2,4250334444,14,,AAAABAMDAAFvA-4EBwceDXwN4g5cEVAVJxVQFdcXLxhWGYoabBqPGyUc3B0UHU8dqh2-J6ko-ipTLKYsvy9vM4c0CjW5N2Y3g0QERX5GcUiOSVFJsUuuTLNNuVIpVdZV4FZjV8lYWlqRXGtfKl-wYpVk52aeaHRqrGr6a9ttGW-ecLt0VX0Yf8aApILHgwmESITFhWCGrot6jHaMsY8aj0aP-pMnlS6bipuhm7WdrqEvpuunCKcrqH2qxKyYsnC0DLcxuJO-T76KwcXDOsNtykrK08y80B_T-9fP2RPZW9pi34rhiOL36QLquuvk6-7sGOyK74jv6_DV9tr3wffX-Tf56PrS-wn-SQ==,20
9e785edeed2a233fe02bd750ff66f2bd23b75f01f3cf402f4929f78616ce4961,1483968445976,2,4250334444,19,1,AAAABAYCAAV9CSANfA5IDlwQexEPES8RUBGWFdcV7RaqFr8bJSLqIvQqCyo4KwosvyzhLVUvbzW5Ow09Xz3RRX5GcUcGSVFJsUuuTINMs1JTVL1WY1b1XEBca13yX2pgQ2qMavpsCGwLbRltbG49cFJwVnC7cNR0gXX9d_1943_GgLODCYRIhG-ExYauidOMC4w2joqP-pAbkUeTJ5aLl5WX0Jf0mhObtaEvotmjo6Z_pyusZqyYsNi0DLVIuT65fL46voC-isHFwzrDbcgUytPQH9DQ1ELVudfP2HbZE9lb2xrbbtvU2-fndOjW6QLquutj7BjssO1B74jv6_DV8Yr1b_fX-Tf5pA==,39
362c669d9e6d42e05eeb8e9c834eb93f99cbba1a8c8785e1951c3b2055b1648e,1483968445976,2,4250334444,23,,AAAABAQBAAHcBLMFLQd1CZYLYQxwDc0UIBRxFewWbxo4HM4hNCFVJKonICcvJ58rUCz7LlM0jjWSNuk5DjrhOzs7tjwFPC09_ECgQT9Hfk3jUEdR5lhjWfNeE18_ZKNlTWZUZp5oZWjya9lvO3IPcql07Xasd1N343gNeWh673zZggeDX4PMhNmE74WnhjuGtIdqiiKK8IzPkFWQbJRvl3mbLZ7Fn9-iAKU1plepJ6luqZSsqq2Nr2yvp7KAtC-18rc-uR29Nr6nwBrAZsCmwQTEgsT2xq7KkM9-02_Yvdl82sHcPeNq5FHpRuoY7w7vfPAf8kHyRfPd9WH2SPcy-Ov60v4K_lT-jw==,30
f68b37b299af66994cd919b19170c180d6deea606c809184f44a4983b84f3716,1483968445976,2,4250334444,11,,AAAABAUBAAKWA3UFQgmqC2EMUg5cEMwRLREvEVAV1xhdGGoabBslHNwdFB8YIG4i9CoLKhMrCiycLL81uTlSPAU8LTzvPV9BlkV-SVFLrkyzUDBQQlH7UlNTNVZjWAdYd1jlWitca13yXl1fBGaeaPJq-mwLbRlwUnsgfIN_xoKbg1-ESIauidOLjIw2jHaOZI8aj0aP-pErkm6TJ5eVl_SaO5uhnHudrp_foS-j8qcIpyunlKi5rfGus69stvq3MbmTvFa-isBmwJrBxcMJw23Grs0W0B_Q9dH90nzVptlb2fzfiuQi6QLr7uv17BjtPO1h73zv6_DV8h33pvfB99f4k_nd-tL-hw==,20
3b8af1ad0eb4c032631a7f7356e56d138c140eb109ac80e981ad86ef8c4c46df,1483968445976,2,4250334444,12,,AAAABAUDAAFvA-4EswceDXwOXBFQFVAXLxhWGGoZihpsGo8bJRzcHRQdTx2ZHaodviL0JLAnqSj6LR8vbzLRM4c0CjW5N2ZDY0PIRUdFfkWdRnFJUUmxS65Ms05STm1PBFNSVdZXyVgHW_Rca1yKX7Bk52aeaHRo8mr6bAttGW-ecLtxTXgvfOV-bH_GgKSCx4MJhEiExYt6jHaPGo9Gj_qSK5MnlS6az5rgm6GbtZwyna6hL6IApRilxKcIpyu0DLcxuJO-isBmwcXDOsNtxLTKSsrT0B_XatfP2RPZW9pi2t3hiOL36QLquuvu7BjviO_r8B_w1fba98H31_k3-ej60vsJ_QD-SQ==,24
f2c383d66eb60f861f371d02b2db7737ccd714e4aae1299f0eb9f6dd006150fb,1483968445976,2,4250334444,11,,AAAABAUBAAKWA3UFQgmqDFIOXBEtES8RUBXXGF0YahpsGyUc3B0UHxggbiL0KgsqEysKLJwsvzW5OVI8BTzvPV9BlkV-SVFJsUuuTLNQMFBCUftSKVJTUzVV4FZjWAdYWlh3WOVaK1xrXfJeXV8EZlRmnmjyavpsC20ZcFJyD3yDf8aCm4RIhq6J04uMjDaMdo5kjxqPRo_6kSuSbpMnlG-XlZf0mjuboZx7na6f36Evo_KnCKcrp5Soua3xrrO2-rcxuZO8Vr6KwGbAmsHFwwnDE8NtzRbQH9D10f3SfNWm18_ZW9n85CLpAuvu6_XsGO087WHvfO-I7-vw1fId96b3wffX-Tf53frS,37
b1a851fa34ab8231e64cb0a7ebf9b2630c564176232d43833a1279e7d674841b,1483968445976,2,4250334444,24,,AAAABAQCAASHBLMFLQaLCEkJuwomC2EM9w48FCAUTRRxFSAV7BiRGbQaOBo-HOcg4ySbJy8n7SgqLOktgy5TL8wxnjJONZI6UjrhPAU8LUCgQXRHfknVTUZN41BHVuhZ814TXz9f2mCRYVJi7GVNZlRnWGebaGVo8moebNhyD3KpdO12K3aseTl673zZfuKAioIHg1-DzITZhO-GYIazivCLT4-ZkFWS95Rvl3miAKZXqZWsqqyvrY2vbLLctz65HbyfvTa-eL6nwGbAv8GCxPbGrsqQz37Tb9i92Xzawd0N4JXkUeSt6UbqGO8O707vfPAf8i_yRfNv8933MvdN-AL46_xL_gr-jw==,28
b5fc8f5ee7409bdce726d68da42ec1b61d6af864d854ba1632bc154b3294bbe0,1483968445976,2,4250334444,14,,AAAABAMDAAFvA-4EBw18DjwOXBFQFHEVJxcvGFYYahmKGjgajxslHRQdTx2qIvQksCW8JwsnLyj6LKYtHy9vNAo1uTdmN4M6UjpYPChFfkZxSbFLrkyzTm1VxlXWV8lYB1nzXGtcil-wYVJk52ZUZp5odGr6bAttGW-ecLtyD3KpeC985X_GgKSCx4MJg7aD24RIhMWGYIbRi3qMdoyxj0aQVZMnlG-bipuhm7WcMpy-oS-lxKbrpyusmKyqtAy3Mb5PvorBxcM6w23KSsrT0B_Tj9fP2RPZW9pi20_fit-_4MPhiOL36QLqGOq67Bjsg-9O74jv6_ba9zL31_jr-Tf56PrS-wn-SQ==,30
08a978ab288bbe30c0efa06c3a237f8d3ecf619eaa5614336d7959316062370a,1483968445976,2,4201629327,16,1,AAAABAMCAAQHBLMFtQceCPQOSA5cEZYaOBzcHwIi9CaVJy8o-jBxMhgy0TWSNsU6QjpYOtg64TwFPV9Bh0VHRX5FnUZSRwZJUUt4TItMs03jTm1SU1MxU1JUR1SuVUtVxlZIXfJh4mKsZKpmVGjyajZqQ2r6a3psCGwLbIxtGXBRdm990n6wf8aCm4LHg9uFe4w2jb-PGo_6kFWQ-pMnlS6XlZf0mK2aO5rgm4acMpy-naqexJ_foS-iAKXEplemvqcIswO0xbc-t3W4k76KwFTAZsLsyL_QH9DQ1CPYJNhU2L3b592o323fiuvu7BjsOO4V70vvfO_r8B_w1fGK8kX56PxM_gr-jw==,26
a700a4462cb6aff16961a04a7f43f53964286bf5a7a30edc75dee1e40335aebb,1483968445976,2,4197000754,16,,AAAABAMCAAN1BAcI9A18DlwQWBFQFdcXLxhdGGoabBslHRQdTx8CHxgi9CTYKhMqjSycLL8yNDW5Ntg5UjpYPAU87z1fRX5GUkbXSRtJsUuuTItMs05tUftSU1XGVdZWSFZjV8lYB1h3WOVaK1xrXwRj_WTnZlRmnmjyakNq-mt6bAttGXGFcg965n_GgKSCm4PbhEiFbYauh2WMdo9GkPqRK5MnlG-XlZf0mjuboZwyna6f36Evo_KlxKcIpyusmK3xr7e0DLcxvorAVMBmwcXDbci_ytPNFtAf1YHVptfP2CTZW99t34rkIukC6rrsGOxV7TzvS-9874jv6_Fs98H31_k3-tL8TA==,36
ab0021d0c335328576623b1e607deeafe9429a4117f2ec265e24ffccadbb0e8a,1483968445976,2,4151399736,15,,AAAABAMBAAMeA-4NfA5IES0RLxFQEZYVfhXXFr8YVhhdGGoaSBpsGyUc3B2-H0Ei9CaIKPopTysKLJwsvy9vMtEzhzW5N4M8BTzvPV9Eq0VHSVFJsUuuTm1SU1KvVa5WY1fJWAdcQFxrXfJn_Gh0aPJp2GqMbAttGXC7dZ52gngvfIN85XzwfqF_xoIQgseESIauh8uMdo8aj0aPpo_6knSTJ5eVl_SboZwyna6ePJ_foS-i2aXEpuunCKcrp5ut8bDYtNG1SLcwuJO7Tbv8vorAZsHFw23G98gMyBTPFdWm18_ZE9lb2mLdX9-K37DkIuha6QLrY-vu7BjvfO-I8NX1b_fB99f5N_no,22
7624755db03258e74e95afb20369e8408e54b88316ef216595a195ad0f82901b,1483968445976,2,4145609520,12,,AAAABAUDAAPuBAcI9AthDF8NHw18EVAXLxhWGGoZihpsGo8bJRynHNwdFB1PHZkdqh2-HxgksCj6KlMtHy9vM4c1uTwoPC1Bh0NjQ8hGcUuuTLNOUk8EUftSKVOlVdZV4FfJWAdYWlxrXIpfKl-wYENk52h0aPJqQ20Zbj1vnnC7cU10VXgvfEt85X5sf8aApILHgwmDX4PMhEiExYhbjxqPRpIrkyeWdJitms-boZu1nL6drqEvpRinCKcrrJivbLALsnC0DLc-uJO-gL6KwFTBxcM6w23EtMauykrK080W0B_XatkT2VvaYuGI6QLquuvk6-7sGO_r9tr3wffX-ej60vsJ_QD-SQ==,40
c732a658bf918fcaf6e35bd9a15bba1b58fd1ef87d86cd8505000f6ae807d435,1483968445976,2,4072166057,17,1,AAAABAYBAAFvB5kN0Q5cEJIRDxEvEVAV1xXtFkAWvxslG8gdFB1PHdkgbiL0J6kqCyoTKwosvy0fMjI1uTbFQZZDVEV-SVFJsUuuTI5Ms06uUDBQQlIpUzVUvVXgVmNYWljlWfBaK1xAXGtd8l8qY0NmVGaeaoxq-mwLbRlwUnIPdFV1_X_Gg_OESIRvhKKFfYauiEKJ04t6jDaMdo5kj0aP-pMnlG-Wi5uhoS-i2aPypyusmK4SrrOw2LE2tUi2-rcxuZO8b76KwcXDCcMTw23IFM_d0B_Q9dRC1bnXz9lb2YbbXt-K4vfjhOkC62Pr9ewY74jv6_DV8YryHfRx9W_3pvfX-Tf60g==,25
79defd8e3fd70e339f93a01864b66681c5b0682e53043dd29b83f1631aa8f0ec,1483968445976,2,4061609030,21,,AAAABAIBAAceDkgOXA-rEQ8RLxFQEZYVIBXXFr8XJhhdGYoZ1xslG8gc3CL0I9MkiySdKjgrCiy_LOkvbzLRNbk2PTsNPAU8vjzvPV9B0EQNRUdFfklRS65Ms04qUlNVhVZIVmNbr1xrXfJfal9wYlpo8mr6bAttGW1sbydwu3qEfq9_xoNthEiExYauhrOMC40ZjxqPRo9gj_qQCpMnk5WVLpcGl5WX9Jpqm6GbtaEvpcunCKcrrJitM63xr-u1SLl8vorAZsM6w23Eosjwz93QH9Ct0NDTftgk2NXZE9lb2V_dDd2M35jgEuOE5-rpAuvu7BjssO9673zv6_DV8Yr2o_fX-TM=,36
2bb60ab88406efd5f06df3e08b7fb1314acf384f6a2aa6ced09d84b6af75bd4d,1483968445976,2,4056909643,21,,AAAABAIBAAHRAx4FtQYgBqIHHgzyDXwOSBEvEVARgRGWFHUV1xcmF9wZihnXGo0ajxslHU8fQSLqIvQj0yT9KgsqOCsKLKYsvy9vMHw0CjW5N2Y3gzfUOq08vj7PQdBHBklRSbFLrk4qUUdWY1b6V8lYdVsmW69d8l9qX3BiWmNDY6dsCGwLbRlvJ3BScLt0oHfXeoR_K3_Gf_uDbYTFhq6J04w2jb-PYI_6kyeTlZUulwaaapu1oSKhL6JApcum66crrTOv67QMtMW95r6KwuzDOsSiytPQrdDQ18_Y1dkT2Vvb591G35jnVOjW6QLquutj7BjtP--I8NXxivLh9Pj22vk3-wn_3g==,40
554471dbf3c24fcdcb9ec0c7bd05041429dc2dedb03698b4a11e67500ec7009e,1483968445976,2,4025401732,16,1,AAAABAMCAAFvA3UNfA5IDlwRLxFQEZYV1xbzGF0bJRzcHdki9CTYJjwo-ilPKhMqUysKLL8vnTLRNAo1uTbFPAU87z1fQ1RFR0V-RlJGcUmxS65Mi0yzUilSU1XgVkhWY1eUV8lYWlh3WOVaK1xrXfJeXV8EYENmVGaeaPJq-mt6bAttGW49cg98S3yDf8aCm4MJhEiFbYauiEKLeox2jxqQ-pErkyeUb5Z0l5WX9Jo7na6ePJ7En9-hL6Pypr6nCKcrp5St8bJwtAy3MbiTvoC-isBmwcXDbci_ytPQH9H91YHVptfP2CTZW99t34ri9-kC6rrr7uwY7TzvS-9874jv6_Rx-Tf8TA==,35
01407dd70d66c3784861f74f4a09a8a8473b976025e8ee281f9a026424809087,1483968445976,2,3991080513,16,,AAAABAMCAAN1BAcNfA5cEVAV1xcvGF0YahpsGyUc3B0UHU8i9CTYKPoqEyqNLKYsvzLRNAo1uTbYN2Y8BTzvPV9FR0V-RlJJG0mxS65Mi0yzTm1SU1XWVkhWY1fJWAdYd1jlWitca15dXwRfKmTnZlRmnmjyavpremwLbRl0VXgvfIN85X5Zf8aApIKbhEiFbYV7hq6Mdo8aj0aQ1pD6kSuTJ5eVl_SaO5uhnDKdrp_foS-j8qXEpuunCKcrp5SsmK3xtzG4k76KwGbBxcNtyL_QH9H91YHVptfP2CTZW99t34rkIukC6rrr5Ovu7BjsOOxV7TzvS-9874jv6_Fs98H31_k3-tL8TA==,36
9383b5920a7d308905818b4bd26c7dcc1646449b59b956b15cdd8cfd392e843c,1483968445976,2,3976065663,23,1,AAAABAQBAF85ivCbLbkdxII=,28
f953748c3c488640681add4cfdb8b3c30b5b0c7e8f21565b211855417890e57d,1483968445976,2,3941686188,26,,AAAABAcBAABeAO4FLQW1CC4J2QzyDY0RLxR1FSAWvxjbGY4ZtBqNIuIj9iSdJpUqTSpbLOktgy4jLlMwcTB8MTU1kjY9N9Q6QjrhPs8_J0MxQzZEDUd-R-JKfUrIS3hNkk3jUUdTu1SCVUtaGlpSWyZbr2HiYlpirGVNbAhsjG6qbzt07XXLdoJ4DXn2eu97bnvDfXV_-4azhweHdo19jX6Nv5OZlyGbXZzEnaqjiqPvpDmly6ZXpq-omrTFtNG1SLXytyK3truevTa95r6nv9XAGsF8wuzDM8gMyPDKRsu902_TftQj2L3awdvn3Q3dqOKt45_l5uaB6mLrY-0_7YPuDu968YryRfKX8tL2o_6P_ro=,25
9d39ea2dd119b9b64da9065861e3c7405b32067b858d227d84bb770ce751b65e,1483968445976,2,3937035033,14,1,AAAABAMDAAPuBAcEswceCPQNHw3iFScWbxcvGGobJRzcHRQdviLiIvQkqiaVKPoqTTLRM4c1kjbpOlg8KD8nQYdFR0WdR-JIjklRSbFKyEuuTLNNuU3jTm1QQlM1U1JVS1XGVdZYB1ltX5hh4mTnakNr22wLbRluqnC7eC97w3zlfRh_xoCkgh6Cx4PbhTKFYIhAiEKKr4w2jLGPGo9Gj_qQEZAzkyeVLprgm4qboZwynL6hL6IApDmlxKaspwiqxKyYtfK3PriTvk--isBUwGbBxcy8zzLQH9OP0_vXz9i92VvbC9-K42rpAuvu7Bjsg-yK74jv6_Af8NXyRffX-Tf56PrS_gr-jw==,40
e463fea12827ad520b17392ce72b82e2356b1a64f6dcafbf61890eede2276576,1483968445976,2,3932818530,14,1,AAAABAMDAAPuBAcNfA3iDjwOXBFQFHEVJxcvGFYYahmKGjgajxslHRQdTx2qIvQksCW8Jwso-i0fL281uTpSOlg8KEV-RnFIjkmxS65Ms05tVcZV1lfJWAdZ81v0XGtcil-wYVJk52ZUZp5oZWh0avpsC20Zb55wu3IPcql4L3zlfll_xoCkgseDCYO2g9uESITFhmCG0Yx2jLGPRpBVkc6TJ5RvmK2bipuhm7WcMpy-oS-lxKcrrJisqrQMtzG77b5PvorBxcM6w23KSsrT0B_Tj9fP2RPZW9pi20_fit-_4MPhiOkC6hjquuwY7IPvTu-I7-vz3fba9zL31_jr-Tf56PrS-wn-SQ==,24
f51760e17b7fb5f97d0769281222a4a895ed6c787caf74a60410c63308500f79,1483968445976,2,3915646457,25,,AAAABAQDAAHcA3UEswUtBg4J9gthDF8OPBQgFHEWbxiRGS4aOBpsHKcc3CSqJbwnLyftKPopTyyULlM1kjbpOlI62DwFPC09_EMxRZ1HflBHU1JTpVZIVw1YY1h3XwRfOV8_YhdlTWZUaGVo8mvUbzt07XXLdqx343gNeWh71IIHgpuDX4PMhJSE2YV7iXGK8IzPjX6PGpBVkSuYrZo7muCbLZ2un9-iAKcIqW6qza2Nr2ywq7Xytz63triTvJ-9Nr6nwBrAZsEExFjEgsT2xq7PftIh02_UfNgk2L3ZYdl82sHbT9-_4MPjauQi6mLr7uw47FzvDu988B_yQfJF85v2SP4K,36
aff9b153f733ac072f4ede53b8d0716d8d90a19c146262a69df4de4470dced5b,1483968445976,2,3896580489,17,,AAAABAYBAAEJB5kNfA5ID6sQkhEPES8RUBGWFdcV7RX9Fr8bJSBuIuoi9CSLJ6kqCyo4KwosvzIyNAo1uTsNPV9F9EcGSVFJsUscS65MjkyzUDBSKVJTVL1V4FZjWFpZ8FxAXGtd8l9qYqxjQ2SvaoxqlWvbbAhsC2yMbRltbG9XcFJ1_XgZf8aESIRvhKKExYauijiMC42Bj8GP-pKAkyeWi5eVl_SaF5u1naqhL6LZpyusmLDYtAy0xbVIuNm5fLxvvorBoMHFwzrDbcgUytPQH9DQ1bnWB9fP2VvZhtvn3UjfiuLV6QLquutj7Bjsiuyw7UHviO_r8NXxivLh9W_31_k3,39
9ee7e6bb85f1254d52c087c31e2dd876ed89b7b3a6d22cb179568398aa5ba6ae,1483968445976,2,3891113079,11,,AAAABAUBAAFvApYDdQVCCaoMUg5IES0RLxGWFdcWQBbzGF0bJRzcHRQgbiL0JNgmPCoLKhMrCiycLL8vnTLRNsU8BTzvPV9BlkShRUdJUUmxS65Ms06uUDBSU1ZjWHdY5VorXGtd8l5dXwRknWaeaPJsC20ZcFJ8g3_GgpuD84RIhW2FfYauidOLeouMjDaMdo5kjxqPRo_6kSuSbpMnl5WX9Jo7nHudrp_foS-j8qcIp5Soua3xrhKus7E2tvq3MbxWvorAZsCawcXDE8Nt0B_Q9dH90nzVgdWm18_YJNlb2fzbXuL36QLr7uv17BjtPO1h73zviO_r8NXyHfem-Tf53frS,33
6daf92a050a757a4dd538489ce273e58b2322f85542601137a9f00240fbb1830,1483968445976,2,3882134073,15,1,AAAABAMBAAFvAx4D7gceDR8NfA5IES0RLxFQEZYVfhXXFr8YVhhdGGoabBslHNwdvh9BIvQmiCj6KU8rCiycLKYsvzOHNbk3gzwFPCg870GHQnpEq0VHSVFJsUuuUq9VrlZjV8lYB1xAXGtd8mf8aHRo8mnYaoxsC20ZdZ52gngvenB8g3zlfPB-oX_GghCCx4RIhq6Hy4x2jxqPRo-mj_qQ1pEHkyeVLpuhnL6drp48oS-i2abrpwinK6ebrfGw2LTRtQS1SLcwuJO7Tbv8vorAZsNtyAzIFM8V1abXz9lb2mLdX9-K37Di9-Qi6FrpAutj6-7sGO9874jw1fVv98H31_k3-eg=,37
212b3c3419e667c231c1f365caef74ecdd3973af4afb5df5a1e644a79551a1b1,1483968445976,2,3875022064,14,1,AAAABAMDAAPuBAcI9A18DeIOXBFQFScVUBXXFy8YPBhWGYoabBqPGyUc3B0UHaodvh3ZJLAo-ipTLJwsvy9vM4c1uTpYQ1REBEV-RnFHhUiOSbFLrkyzTblSKVXGVdZV4FZjV8lYWlqRXGtfKl-wZOdmVGaeakNqrGr6a9ttGW-ecLtyD30Yf8aApILHgwmD24RIhMWFYIauiEKMdoyxjxqPRpMnlG-bipuhm7WdrqEvpwinK6h9qsSsmLJwtAy3MbiTvSe-T76KwFTBxcM6w23KSsrTzLzQH9P718_ZE9lb34rhiOkC6rrr5Ovu7Bjsg-yK74jv6_Rx9tr3wffX-Tf56PrS-wn-SQ==,31
5c0e285daa74a4220eafa506d32d1fb847bec9888aa13a84bca43324fcb34ec5,1483968445976,2,3874323542,26,,AAAABAcBAAJfA5YEhwSzBS0GoAhnC2EM9xQgFbgV7BZvGFYY2xo4IWAkqicvKhMtMC4jL8wxnjJONZI26TrhOyg8BTwtPEs_J0CgRCVGt0d-SshN41BHWBdY5VltWfNaK18_X5hgQ2DeYuxkhGVNZlRmnmebaPJuPW6qcg9yqXTtdPF2rHrve8N82YLkgwmDX4PMhNmE74fWiq-K8I-ZkBGQVZM6k5mUb5Yyn9-iAKI-o_KkDKSgpleplayqrK-tja4-r2y18raKtz65HbuevSe9Nr6Avqe-vMBmwL_BgsSCxPbGrshbypDPMs9-02_YvdrB42rkUelG6hjvDu988B_yRfcy9335vfrS_gr-jw==,32
fc40c43aef89c245fcaa5c2597d86bd931ac4509ae1119549b35a62dcb33117b,1483968445976,2,3869721096,16,1,AAAABAMCAAN1BUIHHg18DkgOXBEtES8RUBGWFVAV1xhdGmwbJRzcHRQdTx8YIG4i9CoLKhMrCiycLL81uTwFPO89X0GWRX5GUkZxSVFJsUuuTLNQMFH7UlNWY1h3WOVaK13yXl1fBGSdZlRmnmjyavpremwLbRlwUnyDf8aCm4MJhXuGronTjDaMdo5kjxqPRo_6kPqRK5MnlS6XlZf0mjudrp_foS-j8qcIpyunlK3xrrO0DLb6tzG5k76KwGbDCcMTyL_K080W0B_Q9dH91AfVptfP2Vva3dte3I3fbd-K5CLpAuq66-7r9ewY7DjtPO9874jv6_DV8h33pvfB-Tf60vxM,38
2f11c8264e3ddfb0700f98f8fb12b1a05296ff0c44d0df0de07144265d6ba30f,1483968445976,2,3849365248,13,,AAAABAUCAAFvAx4DmgPuBFEHHg18DkgOXBEvEVARlhNtFAkWvxg8GFYYXRhqGmwbJRzcHU8dvh9BIvQmiCj6KU8rCismLKYzhzQKNbk3RzdmPAU87z1fRUdFfklRSbFLrkyzUlNSr1fJWAdcQFxrXIpd8mZUZ_xoWmjyavprrGwLbRlxYnUqdZ52gngve9d85X_GgseESIV7h8uMdo8aj0aP-pDWkyeVLpeVl_SboZ2unjyf36EvpwinK6ebrfGu_bQMtNG1BLVItzC4k7tNvSe-isBmw23IDMrTzxXQH9Wm18_ZW91f4vfkIukC6rrrY-vu7C7sOO9874jv6_DV98H31_k3-d356A==,32
b93d9d2dbc0848d71d6d166486fdef93ea87831c9d885ec56554e5c167c5455b,1483968445976,2,3840803562,21,,AAAABAIBAAFvAdEDHgQHBfkNfA5IDlwPqxEvEVARgRGWFdcV8Ba_FyYZihnXGo8bJRvIHU8fAh9BIvQkiyo4Kwosvy0fNbk2PTbFN9Q8vkHQRA1FfklRSbFLrkyzUUdSKVT-VYVV4FZIVmNW-lhaXGtd8l9qX3BiWmOnavpsC20ZbWxwu3qEf8aDbYRIhMWGrot6j_qTJ5OVlcyXBpu1oSKhL6JAo4qkeKXLpyutM6_rtAy1SL3mvorBxcHVwzrDbcSiyPDK08_d0B_QrdDQ037Xz9gk2NXZE9lb3Ube-N-Y4vfpAuq662PsGO0_7g7veu-I7-vw1fGK9Pj22vk3-WP7CQ==,25
2eba8429256a3791ccdb08648d39a2c654998466f52dc3b8b9c6e722e0c5ce6a,1483968445976,2,3822160479,14,1,AAAABAMDAAPuBAcI9A18DeIOXBFQFScVUBXXFy8YPBhWGYoabBqPGyUc3B0UHU8dqh2-HdkksCj6KlMsvy9vM4c1uTeDOlhDVEQERX5GcUiOSVFJsUuuTLNNuVXGVdZWY1fJWpFca18qX7BilWTnZp5qQ2qsavpr220Zb55wu30Yf8aApILHgwmD24RIhMWFYIauiEKMdoyxjxqPRo_6kyebipuhm7WdrqEvpwinK6h9qsSsmLJwtAy3MbiTvSe-T76KwFTBxcM6w23KSsrTzLzQH9OP0_vXz9kT2Vva3d-K4YjpAuq66-Tr7uwY7IPsiu-I7-vw1fRx9tr3wffX-Tf56PrS-wn-SQ==,37
5156fb7b2a885d787f70801f18a569b03696b9876f2da510129c77a288718e7f,1483968445976,2,3814354042,8,,AAAABAECAAPuBAcEswceCPQNHw5IEZYUIBa_GGobyBzcHb4hkCL0JogmlSj6MtEzhzWSNj06WDrhPAU8KDwtPV89_EGHRUdJUUmxTLNObVBHUlNSr1VLVcZYB1hjXEBfP1_QYeJirGebZ_xqQ2wLbIxtGW1sdZ52gngvfOV9-3_GgseDX4PMg9uHy4zPjxqPRo_6kyeVLpeVl_SboZwynL6dqp_foS-iAKXEpwinbaebrJiuPrTRtUi3MLc-uJO7Tb6KwFTAZsNoxq7G2MgMzxXP3dAf18_Yvd1f4NjjhORR6FrqEOvu7BjvDu9874jv6_Af8NXxivJF9kj31_hf-Tf56P4K_o8=,35
75f350e3d4c269606048376dbfb4361f497f249444ea6cf372140752753830dc,1483968445976,2,3778898047,21,,AAAABAIBAAFvAx4EBwX5DY0OSA5cEHsRLxFQEYERlhXXFfAXJhmKGdcbJRvIHU8fAh9BIuoi9CPTKjgrCiy_LR81uTY9NsU8vkHQQzFFfkuuTLNM_04qUilU_lWFVeBWSFZjVvpYWloaW69ca13yX2pfcGJaY6dq-mwLbRltbG8ncLtxsHXLeoR_xoNthEiExYaui3qMC41-j2CP-pAKkyeTlZXMlwaaapu1oS-jiqXLpyutM6_rtUi5fL3mvjq-ir6nwcXDM8M6w23EosjwzZjP3dAf0K3Q0Ngk2NXZW9sa3UbfmOL353Tn6ujW6QLqYusU62PsGOyw7T_uDu_r8Yr5M_lj_MU=,37
d0bccac5e8183f2f7fdcefde3dbfdfd6fef6418b9e45d1db5d5e3d3cd624cb42,1483968445976,2,3775056605,16,,AAAABAMCAAN1DXwOXBFQFdcW8xhdGGoabBslHNwdTx3ZHxgi9CTYJjwo-ilPKhMqjSymLL8vnTQKNbk22DdmN4M8BTzvPV9DVEV-RlJJG0uuTLNR-1JTVkhWY1fJWAdYd1jlWitca15dXwRfKmZUZp5o8mr6a3psC20ZdFV4L3xLfIN85X_GgpuESIVthXuGrohCjHaPGo9GkNaQ-pErkyeWdJeVl_SaO5uhna6ePJ_foS-j8qbrpwinK6eUrJit8bQMtzG4k76KwGbBxcNtyL_K080W0B_R_dQH1YHVptgk2Vvcjd9t34rkIukC6rrr7uwY7DjsVe0873zv6_Fs9HH3wffX_Ew=,37
dc4d61b5a83a0d9040cc2e09ec8df8b44a6e1fca3e05787a0a8e123f19daa5b5,1483968445976,2,3767009450,14,,AAAABAMDAAFvA-4EBw18DeIOPA5cEVAUcRUnFy8Ziho4Go8bJR0UHU8dqh2-IvQksCW8JwsnLyj6LKYtHy9vM4c0CjW5N2Y3gzpSOlhFfkZxSI5JUUmxS65Ms1XGVdZXyVnzW_Rca1yKX7BhUmTnZlRmnmhlavpsC20Zb55wu3IPcql2rH_GgKSCx4MJg7aD24RIhMWGYIbRi3qMdoyxj0aP-pBVkyeUb5itm4qboZu1oS-m66crrJisqrQMtzG-T76KwcXDOsNtykrK089-0B_Tj9fP2RPZW9tP34rfv-DD4Yji9-kC6hjquuwY7IPvTu-I7-vw1fPd9tr3MvfX-Ov5N_rS-wn-SQ==,29
d1242f4da18f422db4ced81e5e3badd00fd09a9b21d00cb3b562f6b3bb2044c4,1483968445976,2,3766429088,11,,AAAABAUBAAFvApYDHgVCCaoMUg5ID8QRLREvEVARlhXXFkAbJRzcHRQdTx8YH0EgbiL0KU8qCyoTKwosnCy_LR8y0TW5NsU7fEGWRUdJUUmxS65Ms06uUDBRdFH7UilV4FZjV5RYWljlWitca13yXl1mnmwLbRlwUnyDf8aCm4PzhEiFfYauidOLeouMjDaMdo5kjumPGo9Gj_qSbpMnmjuce548oS-io6PyppmnCKcrp5Soua4SrrOxNrb6tzG4yrmTvFa-isBmwJrBxcMJw23NFtAf0PXR_dJ81abXz9gk2VvZ_Nte34ri9-kC6-7r9ewY7TztYe-I7-vw1fId96b5N_nd-tI=,29
32eda73f92e3c33b6856ecaf16448522b719189782601ca38103386b13492d65,1483968445976,2,3750921579,14,,AAAABAMDAAFvA-4EBwj0DXwN4hFQFScVUBXXFy8ZihpsGo8bJRzcHRQdTx2qHb4d2SSwKPoqUyycLL8vbzOHNAo1uTeDOlhDVEWdRnFIjklRSbFLrkyzTblTUlXGVmNXyVqRXGtfKl-wYpVmnmpDaqxr220Zb55wu30Yf8aApILHgwmD24RIhMWFYIauiEKLeox2jLGPGo9Gj_qTJ5rgm4qboZu1na6hL6brpwinK6h9qsSsmLJwtAy3MbiTvk--isBUwcXDOsNtykrK08y80B_T-9fP2RPZW9rd34rhiOL36QLquuvk6-7sGOyK74jv6_DV9HH22vfB99f5N_no-tL7Cf5J,36
72abac0574eda990636945a31616598159b3bbeadd3b076844fa954c034a4c5b,1483968445976,2,3744322589,14,,AAAABAMDAAFvA-4NfA3iDjwRUBRxFScXLxhWGGoZiho4Go8bJRzcHRQdTx2qIvQksCW8JwsnLyj6LKYvbzQKNbk3ZjeDOlI8KEWdRnFIjkmxS65ObVNSVdZXyVgHWfNb9FxrXIpfsGFSZOdmVGaeaHRsC20Zb55wu3IPcql4L3zlf8aApILHgwmDtoRIhMWGYIbRi3qMdoyxjxqPRpBVkNaTJ5RvmuCbipuhm7WcMpy-oS-lxKbrpwinK6yqtAy3MbiTvk--isHFwzrDbcpKytPTj9fP2RPZW9pi20_fit-_4MPhiOL36QLqGOq66-7sGOyD707viPba9zL31_jr-Tf56PrS-wn-SQ==,23
46d347887a106bb7c34944001aa6c467c4a8fa56250a9843857ab0a551f011c8,1483968445976,2,3744055325,14,,AAAABAMDAAFvA-4EBwj0DXwN4hFQFScVUBXXFy8YPBhWGYoajxslHNwdFB1PHaodvh3ZJLAo-ipTLKYsvy9vM4c0CjW5N2Y3gzpYQ1REBEZxR4VIjklRSbFLrkyzTblSKVXGVdZV4FZjV8lYWlqRXGtfKl-wZOdqQ2qsa9ttGW-ecLt9GH_GgKSCx4MJg9uESITFhWCGrohCi3qMsY8aj0aP-pMnlS6bipuhm7WhL6brpwinK6h9qsSsmLJwtAy4k70nvk--isBUwcXDOsNtykrK08y80B_T-9fP2RPZW9-K4Yji9-kC6rrr5Ovu7Bjsg-yK74jv6_DV9HH22vfX-Tf56PrS-wn-SQ==,37
c00ae569b23fe7911824a37e75b63c34d2e38324b68f058dc4e61bfbe638eb92,1483968445976,2,3735019269,16,,AAAABAMCAAQHDY0OSA5cD6sQexEvEVARgRGWEzUV1xa_F6QYXRmKGdcbJRvIHNwfAiL0I9MkiySdKU8qOCy_Moky0TW5Nj02xTrYPAU87z1fRUdFfkmxS65Mi0yzTipSU1ZIVmNW-lfiW69d8l9qYlpjp2ZUaPJq-mwLbRltbG8nd-V_xoKbhMWFe4aujHaPGo9gj_qQCpD6kyeTlZcGl5WX9Jo7mmqbtZ48n9-hL6cIpyutM63xtUi-Or6KwGbBAMHFwzrEos_d0B_Q0NN-1AfXz9gk2VvbGtyN3Ubfbd-K35jjhOd06NbpAusU62Pr7uwY7DjuDu9L73rvfO-I7-vxivVL-Tf8xQ==,37
81d577700d699c1903a04bac4d808db8e9f9d52e34ab73b4b743293089a1fb5f,1483968445976,2,3718354256,14,,AAAABAMDAAPuBx4LYQxfDXwN4g5ID6sQexEvEVARlhUnFr8XLxhWGYoabBqPGyUcpxzcHRQdqh2-IvQkiySwJogo-isKL28zhzW5PC1Bh0WdRnFIjklRSbFLrlNSU6VV1lfJWpFboFxrXIpd8mTnaHRo8mqsa9tsC20ZbWxwu3wOfEt9GH_GgKSCx4MJg1-DzIRIhMWMsY8aj0aP-pMnlS6WdJrgm4qboZu1na6hL6cIpyunVah9r2y0DLVItzC3PriTvjq-T76KwzrDbcauytPTj9P718_ZE9lb2mLbGt-K4YjndOha6QLquutj6-7sGOyD7IrviPDV9tr3wffX-Tf56PrS-wn-SQ==,35
cdca431e9b02f81ef5959f549de162ff7e5a89871b60962d197b245bab261c71,1483968445976,2,3714906756,16,,AAAABAMCAAN1DXwOXBEPEVAVUBXXFvMXLxhdGGoabBslHNwdFCL0JNgmPCoTKo0svy-dNAo1uTbYN2Y7DTwFPO89X0V-RlJG10kbSbFLrkyLTLNSU1XWVkhWY1gHWHdY5VorXGteXV8EXypj_WTnZlRmnmjyavpremwLbRlwu3GFcg90VXgveuZ8g3zlf8aApIKbhEiFbYaujHaPGo9GkPqRK5MnlG-XlZf0mjuboZ2un9-hL6PypwinK6eUrJit8bQMtzG-isBmwcXDbci_ytPQH9H91YHVptfP2CTZW9rd323fiuQi6QLquuvu7BjsVe0870vvfO-I7-vxbPfB99f5N_rS_Ew=,39
77d3a530a9008f5c9f493076f9c83025ba0118551a035e4fbc440cf43d31507c,1483968445976,2,3712525994,22,,AAAABAIDAA18DkgOXA-rES8RUBGWFdcWvxhdGGoZihslHNwfGCL0JIso-io4Kwosvy9vMtE1uTdMPAU87z1fRUdFfkZxSRNJUUmxS65Ms1H7UilSU1XgVmNXyVgHWFpcQFxrXfJfamBDaoxq-mvbbAttGW49cLt1nnaCeC985X-Af5Z_xoMJhEiExYauh8uJ4I8aj0aP-pMfkyeXBpeVl_SboZu1nrefbZ_foS-i2acIpyunm63xr-uw2LQMtNG1SLiTvoC-isBmwcXDOsNtx53IDMgUytPNFs8V0B_Q0NfP2RPZW-ZY5-rpAuq662Pr7uwY7IrvfO-I7-vw1fFt9W_31_kz-Tf_EA==,26
c1cc7a2d95ded4a1c1e8ca7f78074c4fdd0c0fa41e253ae6bdafec1d644e78fd,1483968445976,2,3689285321,12,,AAAABAUDAAPuDXwOPBFQFHEXLxhqGYoaOBpsGo8bJRzcHRQdTx2ZHaodvh3ZIvQksCW8Jy8o-iymL28y0TOHNAo1uTdHN2Y3g0NURUdFnUZxSbFLrk5STm1TUlXWV8lYB1nzXGtcil-wZOdmVGaeaGVrrGwLbRlvnnC7cg9yqXgvfOV_xoCkgseDCYRIhMWIQox2jxqPRpBVkiuTJ5RvmK2a4Juhm7WcMp2unjyhL6UYpcSm66cIpyusqrQMtzG3aLiTvorBxcM6w23EtMpKytPXz9kT2VvbT9-_4MPhiOkC6hjquuvu7BjviO-88930cfba9zL3wffX-Ov5N_nd-ej60vsJ_QD-SQ==,34
699feafe1f3d3d145860b86095c04101e975e50931e8712fe10b87af7eb11893,1483968445976,2,3703450867,14,,AAAABAMDAAPuBAcEswceCPQNHw3iFScWbxcvGGobJRzcHRQdviLiIvQkqiaVKPoqTTLRM4c1kjbpOlg64TwoPydBh0VHRZ1H4kiOSVFJsUrIS65Ms03jTm1QQlM1U1JVS1XGVdZYB1ltX5hh4mTnaPJqQ2vbbAttGW6qcLt4L3vDfOV9GH_GgKSCHoLHg9uFMohAiEKKr4w2jLGPGo9Gj_qQEZAzkyeVLprgm4qboZwynL6hL6IApDmlxKZXpqynCKyYtfK3PriTvk--isBUwGbBxc8y0B_Tj9P718_Yvdlb2wvfiuNq6QLr7uwY7IPsiu-I7-vwH_DV8kX31_k3-ej60v4K_o8=,39
75213eb2bff7c559263229efa35ff269866b7d2934bed04220299dcad681fab7,1483968445976,2,3687738822,16,,AAAABAMCAAVCBx4NfA5ID6sPxBBYEQ8RLREvEVARlhM1Fr8XpBhdGoEbJRzcIG4i9CepKgsqOCsKLJwspjLRNAo1uTdmO3w8BT1fQZZFR0ZxRwZJUUmxS65Ms1AwUXRSU1xrXIpd8l9qX7BjQ2SdZlRremwLbRltbG-ecFJ3B3vXfIN_xoKbgwmESITFhXuHE4dlidOMC4w2jxqP-pD6kyeVLpeVl_SaO5u1nKSf36EvoqOmmacrrJit8a6zr5u0DLVIuMq5fL6KwGbDOsNtyL_KSsrT0B_Q0ND11AfXz9lb217cjd9t34rpAuq662Pr7uv17DjssO9874jv6_DV8h3y4ffX-Tc=,33
30773b15a54960e1dee60ac2449c07f08b3ae8aad7ef059c1318ea77087693da,1483968445976,2,3684527347,16,1,AAAABAMCAAN1BAcI9A18EFgRUBXXGF0YahpsGyUdTx8CHxgi9CTYJ6kqEyqNLJwsvzI0NAo1uTbYOVI6WDwFPO89X0ZSRtdJG0mxS65Ms1H7UlNVxlZIVmNXyVgHWHdY5VorXGtcil5dXwRj_WZUZp5o8mpDa3psC20ZcYVyD3rmfIN-WX_GgpuD24RIhW2Fe4auh2WMdo9GkPqRK5MnlG-XlZf0mjuboZ2un9-hL6PypwinK6eUrJit8a-3tAy3Mb6KwFTAZsHFw23Iv8rTzRbQH9H91AfVgdWm18_YJNlb3I3fbd-K5CLpAuq66-7sGOw47FXtPO9874jv6_Fs98H31_k3_Ew=,36
581deaae29905851a0e4204d0635423bf13dd312dd41c507bbbf92b437bd2bc4,1483968445976,2,3677352066,11,1,AAAABAUBAAKWA3UFQgmqDFINfA5cES0RLxFQFdcYahpsGyUc3B0UIvQqCyoTKwosnCymLL80CjW5N2Y8BT1fQZZFfklRSbFLrkyzUEJSU1M1VmNYB1h3WOVaK1xrXfJeXV8EZJ1mVGaeavpsC20ZcFJyD3gvfIN85X_GgpuESIauidOLjIw2jHaOZI8aj0aP-pDWkSuSbpMnlG-XlZf0mjuboZx7na6f36Evo_KnCKcrp5Soua6ztAy2-rcxuZO8Vr6KwGbAmsHFwwnDbcrT0B_Q9dH90nzVptfP2VvZ_OQi6QLquuvu6_XsGO087WHvfO-I7-vw1fId96b3wffX-Tf53frS,36
78e2afb69ceb71b588a0247e09c8edffb593e833653a4d7fd70193063a545cd0,1483968445976,2,3674820940,20,1,AAAABAICAABeAdwEswUtCC4LYQ2NE9oVQxmOGjghdiP2JP0nLy5TMHEwfDH6NZI31DnUOkI64TwFPC1BckMxRA1Hfkp9S3hM_02STeNOKlFHWfNaGluvXkVlTWXTZlRnoGhYaPJvO3FDcg9yqXTtdct293fjeA19dX8rg1-DzITZhs6HdonYjX2Nfo2_kFWSfZLzlG-Yb5uNn9-gn6IAo4qmV6lurKqtwq9ssQG18rc-vJq9Nr6nwBrAZsEzwzPE9sauyNzI8MlnzZjPXtNv037UI9eW2L3asdrB3CPdqOOf5c_nVOpi7T_tRO2D7g7veu988B_yRfcy-uv8xf4K_o_-uv_e,24
54f4a4fb2e6d08f54c6274027ced86a48db69f8b6dd18a091898ee82077d5b78,1483968445976,2,3668053230,21,,AAAABAIBAABeAdwFLQW1CC4IiQzyDY0PqxEvEYEWvxcmGY4ajSF2I9Mj9iSLJP0mlSo4KlsuUzB8Mfo1kjY9N9Q51DrhPL4-z0HQQzFHfkp9TP9Nkk3jTipRR1LsVUtW-loaWyZbr11oX3Bh4mKsY6dlTWyMbydvO3BSdO11y3X9dvd343gNeoR9dX8rf_uCXoNthG-ExYTZhs6HdonTjDaNfY1-jb-PYJUFmmqa8ZuNm7WdqqCfpcumV6lutMW1SLXyt7a9Nr3mvqfAGsEzwuzDM8M6yqnQrdNv037UI9RC2L3Y1drB3Ubjn-dU6mLrY-0_7YPuDu968kX8xf4K_o_-uv_e,27
3bad22aa63d92fde4d482fbf468259a2e9c00d55524926ca37eb08190a0223de,1483968445976,2,3661432040,14,,AAAABAMDAAFvA-4EBw18DeIRUBUnFdcXLxg8GFYZihqPGyUdFB1PHaodviL0JLAnqSj6KlMsnCymLL8vbzOHNAo1uTdmN4NCS0ZxSI5JUUmxS65Ms025UilV1lXgVmNXyVhaWpFca18qX7BilWTnZlRmnmqsa9tsC20Zb55wu3IPdFV9GH5Zf8aApILHgwmESITFhWCFxYaui3qMdoyxj0aP-pMnlG-VLpuKm6GbtZ48oS-m66crqH2qxKyYsnC0DLcxvSe-T76KwcXDOsNtykrK08y80B_Tj9P718_ZE9lb34rhiOL36QLquuvk7Bjsg-yK74jv6_DV9tr31_k3-ej60vsJ_kk=,25
3461b44169a9d59fb2bc2f67225b80f616f7914acee7ced603b2b3c61f095e2d,1483968445976,2,3642847909,22,1,AAAABAIDAAPuBUIHHg18DkgOXA-rEQ8RLxFQEZYV1xXtFr8XlhmKGyUdviBuIvQkiyepKPoqCyo4KwosnCymLL8zhzQKNbk3Zj1fQZZFfkkTSVFJsUuuTLNQMFJTVL1WY1fJXEBca13yX2piWmqMavpsC20ZcFJwu3Wedf1_gH-Wf8aCx4RIhG-ExYauh8uJ4I_6kNaTH5MnlS6Wi5cGl5WX9Ju1nrefbaEvotmnK6ebrJius6_rsNi0DLVIuZO-isMJwzrDbcSiyBTK088V0B_Q0ND11ELVudfP2VvbXt-Y5ljn6ukC6Zjquutj6_XsGO-I7-vw1fFt8h31b_fX-TP5N_8Q,38
f9cdf6c6cad4a85db774ad8d1a9bf8a1835d2d8b952882c7599faa9162bb005c,1483968445976,2,3638198883,23,,AAAABAQBAAHcBLMFLQmWC2EMcBLhFCAV7BZvGjgaPiPTJKonLyefLdIuUzWSNuk5DjrhOzs7tjwFPC09_EE_QzFHfkz_TeNQR1HmWGNZ81oaXz9lTWZUZp5nm2hlaPJqO28nbztyD3KpdO12rHdTd-N4enloeu982YNfg8yE2YTvhaeGtIdqivCMz49gkFWRzpRvlIeXeZpqnsWfPp_fogCi6qU1plepJ6luqZSsqq2Nrj6vbLKAtz65HbvtvTa-p8AawGbBBMMzxFjEgsS4xPbGrsqQz37Tb9X41ljYvdrB37LjauRR6UbqGO8O73zwH_Iv8kXz3fVh9kj3Mvjr-tL-Cv6P,37
7babcd340c23bd335b787a5689f0fd52f742857869108a880392a05dc93d6f77,1483968445976,2,3638186694,11,1,AAAABAUBAAKWBx4JMwmqDFINfA5IDlwRLxFQEZYVIBXXGYobJRzcIG4i9CPTJJ0o-ioLKjgrCiy_LOEs6TLRNbk8BT1fRA1FR0V-RnFHBklRSbFLrkyzTipQMFJTVmNXyVuvXfJfal-wYENiWmNDavpsC20Zbj1vJ2-ecFJ943_GgpuDCYTFhq6Gs4nTi4yMNo8aj2CP-pAKkm6TJ5UulwaXlZf0mjuaapu1nHuf36EvpyuouaxmtAy4k7k-vFa-gL6KwGbAmsM6xKLI8MpKytPQH9DQ0TbSfNN-18_Ydtlb2fzdDd-Y4izpAuq66-7sGO1h73rvfO-I7-vw1fLh9qP5N_nd,40
3e04d9b254d48a41b863e83ad1a2cff3c1f3fffdca7873be42013d81062c765a,1483968445976,2,3638186694,10,1,AAAABAEBAASzBS0GxgthDjwS4RNxFCAUTRRxFkAWbxa7Fy8YXRiRGjgdFCSqJy8t0i5TNZI26TpSOuE8BTwtPO89Pj38QXJFjkd-TeNQR1XWWGNYrlnzXaReE16lXz9hUmTnZU1mVGaeZ5toZWjycg9yqXTtdqx4enrvfXOApIIHg1-DzITZhO-FfYZgh2qPRpBVkc6SfZLQk6iUb5hvnz6f36IAouqmV6knqZSsqq0Jrj6vbLc-u-28mryfvTa-p8ABwGbEWMT2xq7G2Mlnz37Tb9i92Xzawdwj3dXjauRR5c_qGO1E7w7vTu988B_yRfPd9kj3Mve5-Ov60vuL_Ev-Cv6P,37
2bfa37fd53a0391fbf388bee662c0915a49d9ac0867c9f040242dcbda524c689,1483968445976,2,3610591051,14,,AAAABAMDAAPuBAcNHw18DeIOPBFQFHEVJxcvGGoZiho4Go8bJR0UHU8dqh2-IvQksCW8JwsnLyj6LKYtHy9vM4c0CjW5N2Y3gzpSOlg8KEGHRnFIjkmxS65Ms05tVcZV1lfJWAdZ81xrXIpfsGFSZOdmVGaeaGVsC20Zb55wu3IPcql4L3zlf8aApILHgwmDtoPbhEiExYZghtGMdoyxj0aQVZMnlG-bipuhm7WcMpy-oS-lxKbrpyusmKyqtAy3Mb5PvorBxcM6w23KSsrT0B_Tj9fP2RPZW9tP34rfv-DD4YjpAuoY6rrsGOyD707viO_r89322vcy99f46_k3-ej60vsJ_kk=,40
1d4ffed8959287efd4ace8f0144db8abfa3310856cea2659b945ddc4629485b0,1483968445976,2,3607152093,11,1,AAAABAUBAAKWAx4FQgmqDFINfBEPES0RLxFQFdcYXRmKGo8bJRzcHU8fQSL0JJ0qCyo4KwosnCy_LR8y0TW5Ow074zzvQZZEDUT7RUdGcUcGSVFJsUuuTC1Ms1AwUEJTNVZjXGtd8l9qX7BgQ2JaZAlo8mwIbAttGW49b55wUnyDf8aDCYRIhMWGronTiiiLjIw2jxqP-pJukyeXBpu1nHuhL6crqLmsmK3xrrO0DLmTvFa-gL6KwGbAmsHFwwnDOsNtxKLI8MpKytPQH9DQ0PXSfNN-18_ZW9n8217b59-Y6QLquuvu6_XsGO1h73rviO_r8NXxivId9tr31_k3-d37CQ==,38
5c28a9a58d9473cbcc57c9be5b4d3c451d971474bfa8b75b095eb092c502b5de,1483968445976,2,3601379128,14,,AAAABAMDAAPuBAcI9A18DeIOXBFQFScV1xcvGDwYVhmKGmwajxslHNwdFB1PHaodvh3ZKPosvy9vM4c1uTpYQ1REBEV-RnFHhUiOSVFJsUuuTLNNuVIpVcZV1lXgVmNXyVhaWpFca18qX7Bk52aeakNqrGr6a9ttGW-ecLt9GH5Zf8aApILHgwmD24RIhMWFYIauiEKMdoyxjxqPRo_6kyeYrZuKm6GbtZ2uoS-nCKcrqH2qxKyYtAy3MbiTvSe-T76KwFTBxcM6w23KSsrTzLzQH9P718_ZE9lb34rhiOkC6rrr5Ovu7Bjsg-yK74jv6_DV9HH22vfB99f5N_no-tL7Cf5J,26
572734f8646c958907d8ee7cd195dde0cb0c98cfa7063de64a8962be35fe1ba7,1483968445976,2,3578598619,16,,AAAABAMCAAN1BAcI9A18EVAV1xbzFy8YXRhqGmwbJRzcHRQdqiL0JjwqEyymLL8vnTQKNbk3ZjpYPAU87z1fRlJGcUmxS65Ms05tUlNVxlXWVmNXyVgHWHdY5VorXGteXV8EXypk52ZUZp5o8mpDa3psC20ZcLt4L3yDfOV-WX_GgKSCm4MJg9uESIV7hq6Mdo8aj0aQ1pD6kSuTJ5eVl_SaO5uhnDKdrp_foS-j8qXEpwinK6eUrJit8bQMtzG-isBUwGbBxcNtyL_K09Af0f3UB9Wm18_ZW9rd3I3fbd-K4Yji9-Qi6QLquuvk6-7sGOw47TzvfO-I7-v3wffX-Tf60vxM_kk=,38
34b51c23f48493a5952a846782eeaa10368732bc090d240d6803f76bf4583c11,1483968445976,2,3575989677,14,1,AAAABAMDAASzBx4I9A18DeIOSA-rES8RUBGWFScWbxa_Fy8Ziho4GmwajxslHNwdFB2qIvQkiySqJLAmiCaVKPorCi9vMtE1uTY9Nuk6WEVHRZ1GcUiOSVFJsUuuU1JVS1XGVdZXyVjlWfNaK1xrXfJh4mKsZOdmVGaeaPJqQ2wLbIxtGW1scLtyD3_GgKSD24RIhMWMdoyxjxqPRpBVkyeUb5UumuCbipuhm7WdqqEvogCj8qcIpyusmLQMtUi3MLcxuJO-T76KwFTAZsHFwxPDOsNtytPTj9fP2RPZW9-K4Yjjauha6QLquutj6-7sGOyD74jwH_DV9tr3wffX-Tf60vsJ_kk=,32
eba7a1de606f7fa978b37f661e2b8ede9c15d4e133a14017d1d775e2fdcc38fd,1483968445976,2,3559302843,8,1,AAAABAECAAQHBx4I9A5IDlwPqxEvEZYUIBXtFr8W6SGQIuIi6iL0JDckiyaVKjgqTSsKMgE1kjY9Olg64T1fPfw_J0V-R-JJUUmxSshLV0yzTeNQR1FMUlNUvVVLVcZYY1ltXEBd8l8_X5hfsF_QYeJh62KsakNqjGr6bAtsjG0ZbqpvO2-edf14DXloelN9W3_Gg9uEb4TFjM-P-pMnlS6Wi5eVl_SYV5smm7WdqqEvotmkOaZXqW6sR7DYshm1SLXyvoq_CMAawFTA48EEwzrG2MgUykrPMs960B_UQtW518_YvejW6hDrY-8O74jv6_DV8bPyRfVv9kj4X_k3_gr-jw==,34
ab36802c96a30ed889765245fba1d41a1b0fbec024020cda8758cc35670492d0,1483968445976,2,3547399600,22,,AAAABAIDAABeAO4EBwSzBbUILgthDlwRLREvFSAWvxmOHNwfAiLiI_YmlSpNLOkwfDLRNZI2PTdMN9Q6WDwFPC09Xz8nRA1FR0V-RZ1H4krITLNNkk3jUUdSU1NSVIJVS1XGWW1fmGHiYqxo8mr6bIxuqnKpdoJ2rHvDfIN82X11f4B_loNfg8yD24P3hTKGs4qvjX2Nv48akBGXlZf0muCbjZ2qnrefbaIAo4qj76Q5pletja9stMW00bVItfK3PsBmwuzE9saux53IDMjcyPDPMs9-0B_TftQj2L3qGOtj6-7tP-2D7g7veu987-vwH_Ft8kX2o_cy_gr-j_66_xA=,37
1fc4bcde96a1feffcdca4a7dd19ae2374dcfba219f50df5d0dce6f87611ce728,1483968445976,2,3545892086,14,,AAAABAMDAAPuBAcNfA48EHsRLxFQFHEVJxcvGFYYahmKGo8bJR0UHU8dqiLqIvQksCW8Jwso-i0fL281uTpSOlg8KEZxSbFLrkyzTm1VxlXWV8lYB1nzW_Rca1yKX7BhUmTnZp5odGwLbRltbG-ecLtyD3KpeC985X_GgKSCx4MJg7aD24RIhMWGYIbRjHaMsY9GkyeYrZuKm6GbtZwynL6hL6XEpyusmKyqtAy1SLcxvjq-T76KwcXDOsNtykrK09Af04_Xz9kT2VvaYtsa20_fit-_4MPhiOd06NbpAuoY6rrrY-wY7IPvTu-I7-v22vcy99f46_k3-ej60vsJ_kk=,25
ea08c632d195b7c2338fc61af8b12cbca32866fdf5e081771886cc1dbeb99d7f,1483968445976,2,3545831585,16,,AAAABAMCAAFvA3UFQgceDXwOSBEtES8RUBGWFdcWQBbzGmwbJR0UHU8gbiL0JjwqCyoTKwosnCymLL8vnTLRNAo1uTbFN2Y8BT1fQZZFR0ZSSVFJsUuuTItMs06uUDBSU1ZjWHdY5VorXGtd8l5dXwRmnmt6bAttGXBSfIN_xoKbg_OESIV9hq6J04t6jDaMdo5kj0aP-pD6kSuTJ5Uul5WX9Jo7na6f36Evo_Km66cIpyunlK4SrrOxNrQMtvq3MbmTvorAZsMJw23Iv8rT0B_Q9dH91abXz9gk2Vvfbd-K4vfpAuq662Pr7uv17BjtPO9L73zviO_r8NXyHfem98H5N_rS_Ew=,29
1ab10ababd27b9c78928f5163f304afa75d23b0ed29d16b6d3ad1f44ae9e50e0,1483968445976,2,3545241594,9,1,AAAABAEDAAHcA9YFLQW1BsMIiQ2NDjwRLxGBFCAUcRYLFr8YkRqNIq8j9iW8JpUqWy5TMHEwfDJ-NZI2PTboN9Q4UzpCOlI9_EMxR35KfUrIS3hM_02STipRR1LsVvpYY1ivWyZbr11oXz9h4mKsY6dlTWhlbIxuqm87dO11y3aCdqx253fjeA15aHuze8N82X_7ggeCXoTZhmCHdoqvjX2Nfo2_kBGVBZrxnaqjiqajqW60xbTRtUi18re2uX68n702vWC-p8AawQTC7MRYxgTG2MgMyqnPftNv1CPYvdl82sHbT91G3ajfv-DD45_qGOtj7T_uDu8O8932SPcy-Ov8xQ==,27
8965fbdc08e763c004938e82e136f38608e807d43237c499a752d67058388882,1483968445976,2,3542764680,12,1,AAAABAUDAAFvBLMNfA48EVAUcRZvFy8Ziho4GmwajxslHNwdmR2qIvQkqiSwJwso-ipTL28y0TW5NsU26TpSQ2NDyEVHRnFJUUmxS65OUk8EVdZXyVnzW_Rca1yKX7BhUmTnZlRmnmhlaPJsC20Zb55wu3FNcg9yqXasfEt-bH_GgKSCB4MJg7aESITFhmCG0Yt6jHaPGo_6kFWSK5MnlG-WdJrPm7WdrqEvogClGKcIpyusqrJwtAy3MbiTvorAZsHFwzrDbcS0ykrK089-12rXz9gk2RPZW9l84Yji9-Nq6QLqGOq66-7sGO9O74jwH_DV89322vcy98H46_k3-tL7Cf0A_kk=,40
2705aa5aee5e2d41db8c6dc09aa5a4e8cc1c7db55f80285c3919673a91e73141,1483968445976,2,3535356162,12,,AAAABAUDAAFvBx4I9AthDR8NfBFQFy8YPBhWGGoZihpsGo8bJRzcHRQdTx2ZHaoi9CSwKPoqUy0fL281uTeDPCg8LUGHQ2NDyEZxSVFJsUuuTLNOUk5tTwRV1lfJWAdca1yKX7BilWTnZp5o8mpDbAttGW-ecLtxTXgvfOV-bH_GgKSCx4MJg1-DzIRIhMWLeox2jxqPRo_6kiuTJ5Uums-boZu1nDKcvp2uoS-lGKXEpuunCKcrr2yycLQMtzG3PriTvSe-isBUwcXDOsNtxLTGrspKytPQH9dq18_ZE9lb34rhiOL36QLquuvu7BjviO_r8NX22vfB99f5N_no-tL7Cf0A_kk=,34
dfc1be2e02dde0a89201f5d8913cf75b8936bad2bfb96abfef4ebe1a83be6244,1483968445976,2,3533273357,15,,AAAABAMBAAMeA-4NfA5IDlwRLxFQEZYVfhXXFr8YVhhdGmwbJRzcH0Ei9CaIKPopTysKLJwspiy_Lagy0TW5N4M8BTwoPO89X0J6RKtFR0V-RnFJUUmxS65Ms1IpUlNVrlXgVmNXyVhaXEBd8mZUaHRo8mnYaoxq-mwLbRl1nnaCenB88H6hf8aCEILHgwmFe4auh8uMdo8aj6aP-pDWkQeTJ5Yyl5WX9J48n9-hL6brpyunm63xsZC0DLTRtQS1SLcwuJO7_L6AvorAZsHFyAzIW8rTzxXQH9Wm18_ZW9pi34rfsOQi6FrpAuq662Pr7uwY7DjvfO-I7-vw1ffB-Tf56A==,40
fd1d43c9ee16fddf8c36a7797c165afd18d17e2a203be7aedefc8cd6a921f957,1483968445976,2,3530210245,14,1,AAAABAMDAAFvA-4HHg18DeIOXBFQFScXLxhWGYoabBqPGyUc3B0UHU8dqh2-IvQksCepKPoqUyymL28zhzQKNbk3ZjeDRX5GcUiOSVFJsUuuTLNNuVIpVdZV4FfJWFpakVxrXIpfsGKVZOdmVGaeaHRqrGr6a9tsC20Zb55wu3IPfRh_xoCkgseDCYRIhMWFYIt6jHaMsY8aj0aP-pMnlG-VLpuKm6GbtZ2unjyhL6brpwinK6h9qsSycLQMtzG4k75PvorBxcM6w23KSsrTzLzQH9OP0_vXz9kT2VvaYt-K4Yji9-kC6rrr7uwY7IPsiu-I7-vw1fba98H31_k3-ej60vsJ_kk=,21
8d2875a2457f28438266307ff60de5e99d5606d8050ea9595c0a73ab73ba2fe7,1483968445976,2,3528792572,23,1,AAAABAQBAAHcBLMFLQthDHANzQ48EdUTTBQgFE0UcRXsF-EYkRo4HM4lvCb4Jy8nnygqK1AuUzB3NZI6UjrhO7Y8BTwtPfxDMUd-SshN404yUEdXl1hjWfNZ_l8_YEFjcGRSZU1mVGebaFhoZWjybqpvO3IPcql07Xasd-N4DXloeu97w3zZggeDX4TZhaeGtInYiq-K8ItPjM-QEZBVlG-XeaIApTWmV6lurKquPq9sr6eygLXyuR28n702vqfAGsBmwQTBo8SCxPbGrsqQz37Tb9eW2L3ZfNrB20_fv-DD4mHkUelG6hjvDu988B_yRfPd9WH2SPcy-Ov8S_4K_lT-jw==,36
c505d4403f602535a2690688934a6875966f84b111e8fe61d7876e232c1b78ec,1483968445976,2,3528718684,8,,AAAABAECAAPuBAcEswj0DlwPqxEtES8UIBa_FukYPBhWHNwdviGQJDckiyaVKPoqOCpNLJwy0TOHNZI2PTpYOuE8BT1fPfw_J0GHRUdFfkWdSshMs03jUEdRTFJTU1JUglVLVcZYY1ltXypfP1-YX7Bf0GHiYqxqQ2qMavpr22yMbRltbG6qbzt4DXloe8N8g31bgseD24TFhTKKr4zPjxqQEZeVl_SYV5rgm7Wdqp_fogCi2aPvplepbqxHsNi1SLXytz64k7zqvSe_CMAawFTAZsEEwzrG2MgUykrPMtAf0_vYveoQ62Pr5Ovu7IrvDu987-vwH_JF9W_2SPhf-ej-Cv6P,40
